ISO-10303-21;
HEADER;
FILE_DESCRIPTION(('Open CASCADE Model'),'2;1');
FILE_NAME('Open CASCADE Shape Model','2026-04-12T17:48:32',('Author'),(
    'Open CASCADE'),'Open CASCADE STEP processor 7.5','Open CASCADE 7.5'
  ,'Unknown');
FILE_SCHEMA(('AUTOMOTIVE_DESIGN { 1 0 10303 214 1 1 1 1 }'));
ENDSEC;
DATA;
#1 = APPLICATION_PROTOCOL_DEFINITION('international standard',
  'automotive_design',2000,#2);
#2 = APPLICATION_CONTEXT(
  'core data for automotive mechanical design processes');
#3 = SHAPE_DEFINITION_REPRESENTATION(#4,#10);
#4 = PRODUCT_DEFINITION_SHAPE('','',#5);
#5 = PRODUCT_DEFINITION('design','',#6,#9);
#6 = PRODUCT_DEFINITION_FORMATION('','',#7);
#7 = PRODUCT('PCB','PCB','',(#8));
#8 = PRODUCT_CONTEXT('',#2,'mechanical');
#9 = PRODUCT_DEFINITION_CONTEXT('part definition',#2,'design');
#10 = SHAPE_REPRESENTATION('',(#11,#15),#19);
#11 = AXIS2_PLACEMENT_3D('',#12,#13,#14);
#12 = CARTESIAN_POINT('',(0.,0.,0.));
#13 = DIRECTION('',(0.,0.,1.));
#14 = DIRECTION('',(1.,0.,-0.));
#15 = AXIS2_PLACEMENT_3D('',#16,#17,#18);
#16 = CARTESIAN_POINT('',(0.,0.,0.));
#17 = DIRECTION('',(0.,0.,1.));
#18 = DIRECTION('',(1.,0.,-0.));
#19 = ( GEOMETRIC_REPRESENTATION_CONTEXT(3) 
GLOBAL_UNCERTAINTY_ASSIGNED_CONTEXT((#23)) GLOBAL_UNIT_ASSIGNED_CONTEXT(
(#20,#21,#22)) REPRESENTATION_CONTEXT('Context #1',
  '3D Context with UNIT and UNCERTAINTY') );
#20 = ( LENGTH_UNIT() NAMED_UNIT(*) SI_UNIT(.MILLI.,.METRE.) );
#21 = ( NAMED_UNIT(*) PLANE_ANGLE_UNIT() SI_UNIT($,.RADIAN.) );
#22 = ( NAMED_UNIT(*) SI_UNIT($,.STERADIAN.) SOLID_ANGLE_UNIT() );
#23 = UNCERTAINTY_MEASURE_WITH_UNIT(LENGTH_MEASURE(1.E-07),#20,
  'distance_accuracy_value','confusion accuracy');
#24 = PRODUCT_RELATED_PRODUCT_CATEGORY('part',$,(#7));
#25 = SHAPE_DEFINITION_REPRESENTATION(#26,#32);
#26 = PRODUCT_DEFINITION_SHAPE('','',#27);
#27 = PRODUCT_DEFINITION('design','',#28,#31);
#28 = PRODUCT_DEFINITION_FORMATION('','',#29);
#29 = PRODUCT('Board','Board','',(#30));
#30 = PRODUCT_CONTEXT('',#2,'mechanical');
#31 = PRODUCT_DEFINITION_CONTEXT('part definition',#2,'design');
#32 = SHAPE_REPRESENTATION('',(#11,#33),#37);
#33 = AXIS2_PLACEMENT_3D('',#34,#35,#36);
#34 = CARTESIAN_POINT('',(0.,0.,-1.08680504));
#35 = DIRECTION('',(0.,0.,1.));
#36 = DIRECTION('',(1.,0.,-0.));
#37 = ( GEOMETRIC_REPRESENTATION_CONTEXT(3) 
GLOBAL_UNCERTAINTY_ASSIGNED_CONTEXT((#41)) GLOBAL_UNIT_ASSIGNED_CONTEXT(
(#38,#39,#40)) REPRESENTATION_CONTEXT('Context #1',
  '3D Context with UNIT and UNCERTAINTY') );
#38 = ( LENGTH_UNIT() NAMED_UNIT(*) SI_UNIT(.MILLI.,.METRE.) );
#39 = ( NAMED_UNIT(*) PLANE_ANGLE_UNIT() SI_UNIT($,.RADIAN.) );
#40 = ( NAMED_UNIT(*) SI_UNIT($,.STERADIAN.) SOLID_ANGLE_UNIT() );
#41 = UNCERTAINTY_MEASURE_WITH_UNIT(LENGTH_MEASURE(1.E-07),#38,
  'distance_accuracy_value','confusion accuracy');
#42 = ADVANCED_BREP_SHAPE_REPRESENTATION('',(#11,#43),#2719);
#43 = MANIFOLD_SOLID_BREP('',#44);
#44 = CLOSED_SHELL('',(#45,#87,#118,#151,#182,#215,#246,#279,#310,#343,
    #374,#405,#436,#467,#498,#531,#562,#593,#624,#655,#686,#719,#750,
    #783,#814,#847,#878,#911,#942,#975,#1006,#1037,#1068,#1101,#1132,
    #1163,#1194,#1227,#1258,#1291,#1322,#1353,#1384,#1417,#1448,#1479,
    #1510,#1543,#1574,#1607,#1638,#1671,#1702,#1735,#1766,#1799,#1830,
    #1861,#1892,#1923,#1954,#1987,#2018,#2049,#2080,#2111,#2142,#2175,
    #2206,#2239,#2270,#2303,#2325,#2358,#2391,#2424,#2457,#2490,#2523,
    #2621));
#45 = ADVANCED_FACE('',(#46),#82,.T.);
#46 = FACE_BOUND('',#47,.F.);
#47 = EDGE_LOOP('',(#48,#58,#67,#75));
#48 = ORIENTED_EDGE('',*,*,#49,.T.);
#49 = EDGE_CURVE('',#50,#52,#54,.T.);
#50 = VERTEX_POINT('',#51);
#51 = CARTESIAN_POINT('',(0.,1.1,0.));
#52 = VERTEX_POINT('',#53);
#53 = CARTESIAN_POINT('',(0.,1.1,1.08680504));
#54 = LINE('',#55,#56);
#55 = CARTESIAN_POINT('',(0.,1.1,0.));
#56 = VECTOR('',#57,1.);
#57 = DIRECTION('',(0.,0.,1.));
#58 = ORIENTED_EDGE('',*,*,#59,.T.);
#59 = EDGE_CURVE('',#52,#60,#62,.T.);
#60 = VERTEX_POINT('',#61);
#61 = CARTESIAN_POINT('',(1.1,0.,1.08680504));
#62 = CIRCLE('',#63,1.099377369395);
#63 = AXIS2_PLACEMENT_3D('',#64,#65,#66);
#64 = CARTESIAN_POINT('',(1.099377192982,1.099377192982,1.08680504));
#65 = DIRECTION('',(0.,0.,1.));
#66 = DIRECTION('',(-0.999999839534,5.665088575421E-04,0.));
#67 = ORIENTED_EDGE('',*,*,#68,.F.);
#68 = EDGE_CURVE('',#69,#60,#71,.T.);
#69 = VERTEX_POINT('',#70);
#70 = CARTESIAN_POINT('',(1.1,0.,0.));
#71 = LINE('',#72,#73);
#72 = CARTESIAN_POINT('',(1.1,0.,0.));
#73 = VECTOR('',#74,1.);
#74 = DIRECTION('',(0.,0.,1.));
#75 = ORIENTED_EDGE('',*,*,#76,.F.);
#76 = EDGE_CURVE('',#50,#69,#77,.T.);
#77 = CIRCLE('',#78,1.099377369395);
#78 = AXIS2_PLACEMENT_3D('',#79,#80,#81);
#79 = CARTESIAN_POINT('',(1.099377192982,1.099377192982,0.));
#80 = DIRECTION('',(0.,0.,1.));
#81 = DIRECTION('',(-0.999999839534,5.665088575421E-04,0.));
#82 = CYLINDRICAL_SURFACE('',#83,1.099377369395);
#83 = AXIS2_PLACEMENT_3D('',#84,#85,#86);
#84 = CARTESIAN_POINT('',(1.099377192982,1.099377192982,0.));
#85 = DIRECTION('',(-0.,-0.,-1.));
#86 = DIRECTION('',(-0.999999839534,5.665088575421E-04,0.));
#87 = ADVANCED_FACE('',(#88),#113,.F.);
#88 = FACE_BOUND('',#89,.F.);
#89 = EDGE_LOOP('',(#90,#91,#99,#107));
#90 = ORIENTED_EDGE('',*,*,#68,.T.);
#91 = ORIENTED_EDGE('',*,*,#92,.T.);
#92 = EDGE_CURVE('',#60,#93,#95,.T.);
#93 = VERTEX_POINT('',#94);
#94 = CARTESIAN_POINT('',(122.1,-1.110223024625E-16,1.08680504));
#95 = LINE('',#96,#97);
#96 = CARTESIAN_POINT('',(1.1,0.,1.08680504));
#97 = VECTOR('',#98,1.);
#98 = DIRECTION('',(1.,0.,0.));
#99 = ORIENTED_EDGE('',*,*,#100,.F.);
#100 = EDGE_CURVE('',#101,#93,#103,.T.);
#101 = VERTEX_POINT('',#102);
#102 = CARTESIAN_POINT('',(122.1,-1.110223024625E-16,0.));
#103 = LINE('',#104,#105);
#104 = CARTESIAN_POINT('',(122.1,-1.110223024625E-16,0.));
#105 = VECTOR('',#106,1.);
#106 = DIRECTION('',(0.,0.,1.));
#107 = ORIENTED_EDGE('',*,*,#108,.F.);
#108 = EDGE_CURVE('',#69,#101,#109,.T.);
#109 = LINE('',#110,#111);
#110 = CARTESIAN_POINT('',(1.1,0.,0.));
#111 = VECTOR('',#112,1.);
#112 = DIRECTION('',(1.,0.,0.));
#113 = PLANE('',#114);
#114 = AXIS2_PLACEMENT_3D('',#115,#116,#117);
#115 = CARTESIAN_POINT('',(1.1,0.,0.));
#116 = DIRECTION('',(0.,1.,0.));
#117 = DIRECTION('',(1.,0.,0.));
#118 = ADVANCED_FACE('',(#119),#146,.T.);
#119 = FACE_BOUND('',#120,.F.);
#120 = EDGE_LOOP('',(#121,#122,#131,#139));
#121 = ORIENTED_EDGE('',*,*,#100,.T.);
#122 = ORIENTED_EDGE('',*,*,#123,.T.);
#123 = EDGE_CURVE('',#93,#124,#126,.T.);
#124 = VERTEX_POINT('',#125);
#125 = CARTESIAN_POINT('',(123.2,1.1,1.08680504));
#126 = CIRCLE('',#127,1.099377369395);
#127 = AXIS2_PLACEMENT_3D('',#128,#129,#130);
#128 = CARTESIAN_POINT('',(122.10062280701,1.099377192982,1.08680504));
#129 = DIRECTION('',(0.,0.,1.));
#130 = DIRECTION('',(-5.665088575474E-04,-0.999999839534,0.));
#131 = ORIENTED_EDGE('',*,*,#132,.F.);
#132 = EDGE_CURVE('',#133,#124,#135,.T.);
#133 = VERTEX_POINT('',#134);
#134 = CARTESIAN_POINT('',(123.2,1.1,0.));
#135 = LINE('',#136,#137);
#136 = CARTESIAN_POINT('',(123.2,1.1,0.));
#137 = VECTOR('',#138,1.);
#138 = DIRECTION('',(0.,0.,1.));
#139 = ORIENTED_EDGE('',*,*,#140,.F.);
#140 = EDGE_CURVE('',#101,#133,#141,.T.);
#141 = CIRCLE('',#142,1.099377369395);
#142 = AXIS2_PLACEMENT_3D('',#143,#144,#145);
#143 = CARTESIAN_POINT('',(122.10062280701,1.099377192982,0.));
#144 = DIRECTION('',(0.,0.,1.));
#145 = DIRECTION('',(-5.665088575474E-04,-0.999999839534,0.));
#146 = CYLINDRICAL_SURFACE('',#147,1.099377369395);
#147 = AXIS2_PLACEMENT_3D('',#148,#149,#150);
#148 = CARTESIAN_POINT('',(122.10062280701,1.099377192982,0.));
#149 = DIRECTION('',(-0.,-0.,-1.));
#150 = DIRECTION('',(-5.665088575474E-04,-0.999999839534,0.));
#151 = ADVANCED_FACE('',(#152),#177,.F.);
#152 = FACE_BOUND('',#153,.F.);
#153 = EDGE_LOOP('',(#154,#155,#163,#171));
#154 = ORIENTED_EDGE('',*,*,#132,.T.);
#155 = ORIENTED_EDGE('',*,*,#156,.T.);
#156 = EDGE_CURVE('',#124,#157,#159,.T.);
#157 = VERTEX_POINT('',#158);
#158 = CARTESIAN_POINT('',(123.2,21.775,1.08680504));
#159 = LINE('',#160,#161);
#160 = CARTESIAN_POINT('',(123.2,1.1,1.08680504));
#161 = VECTOR('',#162,1.);
#162 = DIRECTION('',(0.,1.,0.));
#163 = ORIENTED_EDGE('',*,*,#164,.F.);
#164 = EDGE_CURVE('',#165,#157,#167,.T.);
#165 = VERTEX_POINT('',#166);
#166 = CARTESIAN_POINT('',(123.2,21.775,0.));
#167 = LINE('',#168,#169);
#168 = CARTESIAN_POINT('',(123.2,21.775,0.));
#169 = VECTOR('',#170,1.);
#170 = DIRECTION('',(0.,0.,1.));
#171 = ORIENTED_EDGE('',*,*,#172,.F.);
#172 = EDGE_CURVE('',#133,#165,#173,.T.);
#173 = LINE('',#174,#175);
#174 = CARTESIAN_POINT('',(123.2,1.1,0.));
#175 = VECTOR('',#176,1.);
#176 = DIRECTION('',(0.,1.,0.));
#177 = PLANE('',#178);
#178 = AXIS2_PLACEMENT_3D('',#179,#180,#181);
#179 = CARTESIAN_POINT('',(123.2,1.1,0.));
#180 = DIRECTION('',(-1.,0.,0.));
#181 = DIRECTION('',(0.,1.,0.));
#182 = ADVANCED_FACE('',(#183),#210,.T.);
#183 = FACE_BOUND('',#184,.F.);
#184 = EDGE_LOOP('',(#185,#186,#195,#203));
#185 = ORIENTED_EDGE('',*,*,#164,.T.);
#186 = ORIENTED_EDGE('',*,*,#187,.T.);
#187 = EDGE_CURVE('',#157,#188,#190,.T.);
#188 = VERTEX_POINT('',#189);
#189 = CARTESIAN_POINT('',(122.1,22.875,1.08680504));
#190 = CIRCLE('',#191,1.099377369395);
#191 = AXIS2_PLACEMENT_3D('',#192,#193,#194);
#192 = CARTESIAN_POINT('',(122.10062280701,21.775622807018,1.08680504));
#193 = DIRECTION('',(0.,0.,1.));
#194 = DIRECTION('',(0.999999839534,-5.665088575474E-04,0.));
#195 = ORIENTED_EDGE('',*,*,#196,.F.);
#196 = EDGE_CURVE('',#197,#188,#199,.T.);
#197 = VERTEX_POINT('',#198);
#198 = CARTESIAN_POINT('',(122.1,22.875,0.));
#199 = LINE('',#200,#201);
#200 = CARTESIAN_POINT('',(122.1,22.875,0.));
#201 = VECTOR('',#202,1.);
#202 = DIRECTION('',(0.,0.,1.));
#203 = ORIENTED_EDGE('',*,*,#204,.F.);
#204 = EDGE_CURVE('',#165,#197,#205,.T.);
#205 = CIRCLE('',#206,1.099377369395);
#206 = AXIS2_PLACEMENT_3D('',#207,#208,#209);
#207 = CARTESIAN_POINT('',(122.10062280701,21.775622807018,0.));
#208 = DIRECTION('',(0.,0.,1.));
#209 = DIRECTION('',(0.999999839534,-5.665088575474E-04,0.));
#210 = CYLINDRICAL_SURFACE('',#211,1.099377369395);
#211 = AXIS2_PLACEMENT_3D('',#212,#213,#214);
#212 = CARTESIAN_POINT('',(122.10062280701,21.775622807018,0.));
#213 = DIRECTION('',(-0.,-0.,-1.));
#214 = DIRECTION('',(0.999999839534,-5.665088575474E-04,0.));
#215 = ADVANCED_FACE('',(#216),#241,.F.);
#216 = FACE_BOUND('',#217,.F.);
#217 = EDGE_LOOP('',(#218,#219,#227,#235));
#218 = ORIENTED_EDGE('',*,*,#196,.T.);
#219 = ORIENTED_EDGE('',*,*,#220,.T.);
#220 = EDGE_CURVE('',#188,#221,#223,.T.);
#221 = VERTEX_POINT('',#222);
#222 = CARTESIAN_POINT('',(115.65,22.875,1.08680504));
#223 = LINE('',#224,#225);
#224 = CARTESIAN_POINT('',(122.1,22.875,1.08680504));
#225 = VECTOR('',#226,1.);
#226 = DIRECTION('',(-1.,0.,0.));
#227 = ORIENTED_EDGE('',*,*,#228,.F.);
#228 = EDGE_CURVE('',#229,#221,#231,.T.);
#229 = VERTEX_POINT('',#230);
#230 = CARTESIAN_POINT('',(115.65,22.875,0.));
#231 = LINE('',#232,#233);
#232 = CARTESIAN_POINT('',(115.65,22.875,0.));
#233 = VECTOR('',#234,1.);
#234 = DIRECTION('',(0.,0.,1.));
#235 = ORIENTED_EDGE('',*,*,#236,.F.);
#236 = EDGE_CURVE('',#197,#229,#237,.T.);
#237 = LINE('',#238,#239);
#238 = CARTESIAN_POINT('',(122.1,22.875,0.));
#239 = VECTOR('',#240,1.);
#240 = DIRECTION('',(-1.,0.,0.));
#241 = PLANE('',#242);
#242 = AXIS2_PLACEMENT_3D('',#243,#244,#245);
#243 = CARTESIAN_POINT('',(122.1,22.875,0.));
#244 = DIRECTION('',(0.,-1.,0.));
#245 = DIRECTION('',(-1.,0.,0.));
#246 = ADVANCED_FACE('',(#247),#274,.F.);
#247 = FACE_BOUND('',#248,.F.);
#248 = EDGE_LOOP('',(#249,#250,#259,#267));
#249 = ORIENTED_EDGE('',*,*,#228,.T.);
#250 = ORIENTED_EDGE('',*,*,#251,.T.);
#251 = EDGE_CURVE('',#221,#252,#254,.T.);
#252 = VERTEX_POINT('',#253);
#253 = CARTESIAN_POINT('',(114.7,23.825,1.08680504));
#254 = CIRCLE('',#255,0.949152662824);
#255 = AXIS2_PLACEMENT_3D('',#256,#257,#258);
#256 = CARTESIAN_POINT('',(115.64915228426,23.824152284264,1.08680504));
#257 = DIRECTION('',(0.,0.,-1.));
#258 = DIRECTION('',(8.931289657341E-04,-0.99999960116,0.));
#259 = ORIENTED_EDGE('',*,*,#260,.F.);
#260 = EDGE_CURVE('',#261,#252,#263,.T.);
#261 = VERTEX_POINT('',#262);
#262 = CARTESIAN_POINT('',(114.7,23.825,0.));
#263 = LINE('',#264,#265);
#264 = CARTESIAN_POINT('',(114.7,23.825,0.));
#265 = VECTOR('',#266,1.);
#266 = DIRECTION('',(0.,0.,1.));
#267 = ORIENTED_EDGE('',*,*,#268,.F.);
#268 = EDGE_CURVE('',#229,#261,#269,.T.);
#269 = CIRCLE('',#270,0.949152662824);
#270 = AXIS2_PLACEMENT_3D('',#271,#272,#273);
#271 = CARTESIAN_POINT('',(115.64915228426,23.824152284264,0.));
#272 = DIRECTION('',(0.,0.,-1.));
#273 = DIRECTION('',(8.931289657341E-04,-0.99999960116,0.));
#274 = CYLINDRICAL_SURFACE('',#275,0.949152662824);
#275 = AXIS2_PLACEMENT_3D('',#276,#277,#278);
#276 = CARTESIAN_POINT('',(115.64915228426,23.824152284264,0.));
#277 = DIRECTION('',(0.,0.,-1.));
#278 = DIRECTION('',(8.931289657341E-04,-0.99999960116,0.));
#279 = ADVANCED_FACE('',(#280),#305,.F.);
#280 = FACE_BOUND('',#281,.F.);
#281 = EDGE_LOOP('',(#282,#283,#291,#299));
#282 = ORIENTED_EDGE('',*,*,#260,.T.);
#283 = ORIENTED_EDGE('',*,*,#284,.T.);
#284 = EDGE_CURVE('',#252,#285,#287,.T.);
#285 = VERTEX_POINT('',#286);
#286 = CARTESIAN_POINT('',(114.7,30.825,1.08680504));
#287 = LINE('',#288,#289);
#288 = CARTESIAN_POINT('',(114.7,23.825,1.08680504));
#289 = VECTOR('',#290,1.);
#290 = DIRECTION('',(0.,1.,0.));
#291 = ORIENTED_EDGE('',*,*,#292,.F.);
#292 = EDGE_CURVE('',#293,#285,#295,.T.);
#293 = VERTEX_POINT('',#294);
#294 = CARTESIAN_POINT('',(114.7,30.825,0.));
#295 = LINE('',#296,#297);
#296 = CARTESIAN_POINT('',(114.7,30.825,0.));
#297 = VECTOR('',#298,1.);
#298 = DIRECTION('',(0.,0.,1.));
#299 = ORIENTED_EDGE('',*,*,#300,.F.);
#300 = EDGE_CURVE('',#261,#293,#301,.T.);
#301 = LINE('',#302,#303);
#302 = CARTESIAN_POINT('',(114.7,23.825,0.));
#303 = VECTOR('',#304,1.);
#304 = DIRECTION('',(0.,1.,0.));
#305 = PLANE('',#306);
#306 = AXIS2_PLACEMENT_3D('',#307,#308,#309);
#307 = CARTESIAN_POINT('',(114.7,23.825,0.));
#308 = DIRECTION('',(-1.,0.,0.));
#309 = DIRECTION('',(0.,1.,0.));
#310 = ADVANCED_FACE('',(#311),#338,.F.);
#311 = FACE_BOUND('',#312,.F.);
#312 = EDGE_LOOP('',(#313,#314,#323,#331));
#313 = ORIENTED_EDGE('',*,*,#292,.T.);
#314 = ORIENTED_EDGE('',*,*,#315,.T.);
#315 = EDGE_CURVE('',#285,#316,#318,.T.);
#316 = VERTEX_POINT('',#317);
#317 = CARTESIAN_POINT('',(115.65,31.775,1.08680504));
#318 = CIRCLE('',#319,0.949152662824);
#319 = AXIS2_PLACEMENT_3D('',#320,#321,#322);
#320 = CARTESIAN_POINT('',(115.64915228426,30.825847715736,1.08680504));
#321 = DIRECTION('',(0.,0.,-1.));
#322 = DIRECTION('',(-0.99999960116,-8.931289657229E-04,-0.));
#323 = ORIENTED_EDGE('',*,*,#324,.F.);
#324 = EDGE_CURVE('',#325,#316,#327,.T.);
#325 = VERTEX_POINT('',#326);
#326 = CARTESIAN_POINT('',(115.65,31.775,0.));
#327 = LINE('',#328,#329);
#328 = CARTESIAN_POINT('',(115.65,31.775,0.));
#329 = VECTOR('',#330,1.);
#330 = DIRECTION('',(0.,0.,1.));
#331 = ORIENTED_EDGE('',*,*,#332,.F.);
#332 = EDGE_CURVE('',#293,#325,#333,.T.);
#333 = CIRCLE('',#334,0.949152662824);
#334 = AXIS2_PLACEMENT_3D('',#335,#336,#337);
#335 = CARTESIAN_POINT('',(115.64915228426,30.825847715736,0.));
#336 = DIRECTION('',(0.,0.,-1.));
#337 = DIRECTION('',(-0.99999960116,-8.931289657229E-04,-0.));
#338 = CYLINDRICAL_SURFACE('',#339,0.949152662824);
#339 = AXIS2_PLACEMENT_3D('',#340,#341,#342);
#340 = CARTESIAN_POINT('',(115.64915228426,30.825847715736,0.));
#341 = DIRECTION('',(0.,0.,-1.));
#342 = DIRECTION('',(-0.99999960116,-8.931289657229E-04,-0.));
#343 = ADVANCED_FACE('',(#344),#369,.F.);
#344 = FACE_BOUND('',#345,.F.);
#345 = EDGE_LOOP('',(#346,#347,#355,#363));
#346 = ORIENTED_EDGE('',*,*,#324,.T.);
#347 = ORIENTED_EDGE('',*,*,#348,.T.);
#348 = EDGE_CURVE('',#316,#349,#351,.T.);
#349 = VERTEX_POINT('',#350);
#350 = CARTESIAN_POINT('',(122.55,31.775,1.08680504));
#351 = LINE('',#352,#353);
#352 = CARTESIAN_POINT('',(115.65,31.775,1.08680504));
#353 = VECTOR('',#354,1.);
#354 = DIRECTION('',(1.,0.,0.));
#355 = ORIENTED_EDGE('',*,*,#356,.F.);
#356 = EDGE_CURVE('',#357,#349,#359,.T.);
#357 = VERTEX_POINT('',#358);
#358 = CARTESIAN_POINT('',(122.55,31.775,0.));
#359 = LINE('',#360,#361);
#360 = CARTESIAN_POINT('',(122.55,31.775,0.));
#361 = VECTOR('',#362,1.);
#362 = DIRECTION('',(0.,0.,1.));
#363 = ORIENTED_EDGE('',*,*,#364,.F.);
#364 = EDGE_CURVE('',#325,#357,#365,.T.);
#365 = LINE('',#366,#367);
#366 = CARTESIAN_POINT('',(115.65,31.775,0.));
#367 = VECTOR('',#368,1.);
#368 = DIRECTION('',(1.,0.,0.));
#369 = PLANE('',#370);
#370 = AXIS2_PLACEMENT_3D('',#371,#372,#373);
#371 = CARTESIAN_POINT('',(115.65,31.775,0.));
#372 = DIRECTION('',(0.,1.,0.));
#373 = DIRECTION('',(1.,0.,0.));
#374 = ADVANCED_FACE('',(#375),#400,.F.);
#375 = FACE_BOUND('',#376,.F.);
#376 = EDGE_LOOP('',(#377,#378,#386,#394));
#377 = ORIENTED_EDGE('',*,*,#356,.T.);
#378 = ORIENTED_EDGE('',*,*,#379,.T.);
#379 = EDGE_CURVE('',#349,#380,#382,.T.);
#380 = VERTEX_POINT('',#381);
#381 = CARTESIAN_POINT('',(123.1,32.325,1.08680504));
#382 = LINE('',#383,#384);
#383 = CARTESIAN_POINT('',(122.55,31.775,1.08680504));
#384 = VECTOR('',#385,1.);
#385 = DIRECTION('',(0.707106781187,0.707106781187,0.));
#386 = ORIENTED_EDGE('',*,*,#387,.F.);
#387 = EDGE_CURVE('',#388,#380,#390,.T.);
#388 = VERTEX_POINT('',#389);
#389 = CARTESIAN_POINT('',(123.1,32.325,0.));
#390 = LINE('',#391,#392);
#391 = CARTESIAN_POINT('',(123.1,32.325,0.));
#392 = VECTOR('',#393,1.);
#393 = DIRECTION('',(0.,0.,1.));
#394 = ORIENTED_EDGE('',*,*,#395,.F.);
#395 = EDGE_CURVE('',#357,#388,#396,.T.);
#396 = LINE('',#397,#398);
#397 = CARTESIAN_POINT('',(122.55,31.775,0.));
#398 = VECTOR('',#399,1.);
#399 = DIRECTION('',(0.707106781187,0.707106781187,0.));
#400 = PLANE('',#401);
#401 = AXIS2_PLACEMENT_3D('',#402,#403,#404);
#402 = CARTESIAN_POINT('',(122.55,31.775,0.));
#403 = DIRECTION('',(-0.707106781187,0.707106781187,0.));
#404 = DIRECTION('',(0.707106781187,0.707106781187,0.));
#405 = ADVANCED_FACE('',(#406),#431,.F.);
#406 = FACE_BOUND('',#407,.F.);
#407 = EDGE_LOOP('',(#408,#409,#417,#425));
#408 = ORIENTED_EDGE('',*,*,#387,.T.);
#409 = ORIENTED_EDGE('',*,*,#410,.T.);
#410 = EDGE_CURVE('',#380,#411,#413,.T.);
#411 = VERTEX_POINT('',#412);
#412 = CARTESIAN_POINT('',(123.1,38.325,1.08680504));
#413 = LINE('',#414,#415);
#414 = CARTESIAN_POINT('',(123.1,32.325,1.08680504));
#415 = VECTOR('',#416,1.);
#416 = DIRECTION('',(0.,1.,0.));
#417 = ORIENTED_EDGE('',*,*,#418,.F.);
#418 = EDGE_CURVE('',#419,#411,#421,.T.);
#419 = VERTEX_POINT('',#420);
#420 = CARTESIAN_POINT('',(123.1,38.325,0.));
#421 = LINE('',#422,#423);
#422 = CARTESIAN_POINT('',(123.1,38.325,0.));
#423 = VECTOR('',#424,1.);
#424 = DIRECTION('',(0.,0.,1.));
#425 = ORIENTED_EDGE('',*,*,#426,.F.);
#426 = EDGE_CURVE('',#388,#419,#427,.T.);
#427 = LINE('',#428,#429);
#428 = CARTESIAN_POINT('',(123.1,32.325,0.));
#429 = VECTOR('',#430,1.);
#430 = DIRECTION('',(0.,1.,0.));
#431 = PLANE('',#432);
#432 = AXIS2_PLACEMENT_3D('',#433,#434,#435);
#433 = CARTESIAN_POINT('',(123.1,32.325,0.));
#434 = DIRECTION('',(-1.,0.,0.));
#435 = DIRECTION('',(0.,1.,0.));
#436 = ADVANCED_FACE('',(#437),#462,.F.);
#437 = FACE_BOUND('',#438,.F.);
#438 = EDGE_LOOP('',(#439,#440,#448,#456));
#439 = ORIENTED_EDGE('',*,*,#418,.T.);
#440 = ORIENTED_EDGE('',*,*,#441,.T.);
#441 = EDGE_CURVE('',#411,#442,#444,.T.);
#442 = VERTEX_POINT('',#443);
#443 = CARTESIAN_POINT('',(122.55,38.875,1.08680504));
#444 = LINE('',#445,#446);
#445 = CARTESIAN_POINT('',(123.1,38.325,1.08680504));
#446 = VECTOR('',#447,1.);
#447 = DIRECTION('',(-0.707106781187,0.707106781187,0.));
#448 = ORIENTED_EDGE('',*,*,#449,.F.);
#449 = EDGE_CURVE('',#450,#442,#452,.T.);
#450 = VERTEX_POINT('',#451);
#451 = CARTESIAN_POINT('',(122.55,38.875,0.));
#452 = LINE('',#453,#454);
#453 = CARTESIAN_POINT('',(122.55,38.875,0.));
#454 = VECTOR('',#455,1.);
#455 = DIRECTION('',(0.,0.,1.));
#456 = ORIENTED_EDGE('',*,*,#457,.F.);
#457 = EDGE_CURVE('',#419,#450,#458,.T.);
#458 = LINE('',#459,#460);
#459 = CARTESIAN_POINT('',(123.1,38.325,0.));
#460 = VECTOR('',#461,1.);
#461 = DIRECTION('',(-0.707106781187,0.707106781187,0.));
#462 = PLANE('',#463);
#463 = AXIS2_PLACEMENT_3D('',#464,#465,#466);
#464 = CARTESIAN_POINT('',(123.1,38.325,0.));
#465 = DIRECTION('',(-0.707106781187,-0.707106781187,0.));
#466 = DIRECTION('',(-0.707106781187,0.707106781187,0.));
#467 = ADVANCED_FACE('',(#468),#493,.F.);
#468 = FACE_BOUND('',#469,.F.);
#469 = EDGE_LOOP('',(#470,#471,#479,#487));
#470 = ORIENTED_EDGE('',*,*,#449,.T.);
#471 = ORIENTED_EDGE('',*,*,#472,.T.);
#472 = EDGE_CURVE('',#442,#473,#475,.T.);
#473 = VERTEX_POINT('',#474);
#474 = CARTESIAN_POINT('',(115.65,38.875,1.08680504));
#475 = LINE('',#476,#477);
#476 = CARTESIAN_POINT('',(122.55,38.875,1.08680504));
#477 = VECTOR('',#478,1.);
#478 = DIRECTION('',(-1.,0.,0.));
#479 = ORIENTED_EDGE('',*,*,#480,.F.);
#480 = EDGE_CURVE('',#481,#473,#483,.T.);
#481 = VERTEX_POINT('',#482);
#482 = CARTESIAN_POINT('',(115.65,38.875,0.));
#483 = LINE('',#484,#485);
#484 = CARTESIAN_POINT('',(115.65,38.875,0.));
#485 = VECTOR('',#486,1.);
#486 = DIRECTION('',(0.,0.,1.));
#487 = ORIENTED_EDGE('',*,*,#488,.F.);
#488 = EDGE_CURVE('',#450,#481,#489,.T.);
#489 = LINE('',#490,#491);
#490 = CARTESIAN_POINT('',(122.55,38.875,0.));
#491 = VECTOR('',#492,1.);
#492 = DIRECTION('',(-1.,0.,0.));
#493 = PLANE('',#494);
#494 = AXIS2_PLACEMENT_3D('',#495,#496,#497);
#495 = CARTESIAN_POINT('',(122.55,38.875,0.));
#496 = DIRECTION('',(0.,-1.,0.));
#497 = DIRECTION('',(-1.,0.,0.));
#498 = ADVANCED_FACE('',(#499),#526,.F.);
#499 = FACE_BOUND('',#500,.F.);
#500 = EDGE_LOOP('',(#501,#502,#511,#519));
#501 = ORIENTED_EDGE('',*,*,#480,.T.);
#502 = ORIENTED_EDGE('',*,*,#503,.T.);
#503 = EDGE_CURVE('',#473,#504,#506,.T.);
#504 = VERTEX_POINT('',#505);
#505 = CARTESIAN_POINT('',(115.65,40.775,1.08680504));
#506 = CIRCLE('',#507,0.95);
#507 = AXIS2_PLACEMENT_3D('',#508,#509,#510);
#508 = CARTESIAN_POINT('',(115.65,39.825,1.08680504));
#509 = DIRECTION('',(0.,0.,-1.));
#510 = DIRECTION('',(0.,-1.,0.));
#511 = ORIENTED_EDGE('',*,*,#512,.F.);
#512 = EDGE_CURVE('',#513,#504,#515,.T.);
#513 = VERTEX_POINT('',#514);
#514 = CARTESIAN_POINT('',(115.65,40.775,0.));
#515 = LINE('',#516,#517);
#516 = CARTESIAN_POINT('',(115.65,40.775,0.));
#517 = VECTOR('',#518,1.);
#518 = DIRECTION('',(0.,0.,1.));
#519 = ORIENTED_EDGE('',*,*,#520,.F.);
#520 = EDGE_CURVE('',#481,#513,#521,.T.);
#521 = CIRCLE('',#522,0.95);
#522 = AXIS2_PLACEMENT_3D('',#523,#524,#525);
#523 = CARTESIAN_POINT('',(115.65,39.825,0.));
#524 = DIRECTION('',(0.,0.,-1.));
#525 = DIRECTION('',(0.,-1.,0.));
#526 = CYLINDRICAL_SURFACE('',#527,0.95);
#527 = AXIS2_PLACEMENT_3D('',#528,#529,#530);
#528 = CARTESIAN_POINT('',(115.65,39.825,0.));
#529 = DIRECTION('',(0.,0.,-1.));
#530 = DIRECTION('',(0.,-1.,0.));
#531 = ADVANCED_FACE('',(#532),#557,.F.);
#532 = FACE_BOUND('',#533,.F.);
#533 = EDGE_LOOP('',(#534,#535,#543,#551));
#534 = ORIENTED_EDGE('',*,*,#512,.T.);
#535 = ORIENTED_EDGE('',*,*,#536,.T.);
#536 = EDGE_CURVE('',#504,#537,#539,.T.);
#537 = VERTEX_POINT('',#538);
#538 = CARTESIAN_POINT('',(122.55,40.775,1.08680504));
#539 = LINE('',#540,#541);
#540 = CARTESIAN_POINT('',(115.65,40.775,1.08680504));
#541 = VECTOR('',#542,1.);
#542 = DIRECTION('',(1.,0.,0.));
#543 = ORIENTED_EDGE('',*,*,#544,.F.);
#544 = EDGE_CURVE('',#545,#537,#547,.T.);
#545 = VERTEX_POINT('',#546);
#546 = CARTESIAN_POINT('',(122.55,40.775,0.));
#547 = LINE('',#548,#549);
#548 = CARTESIAN_POINT('',(122.55,40.775,0.));
#549 = VECTOR('',#550,1.);
#550 = DIRECTION('',(0.,0.,1.));
#551 = ORIENTED_EDGE('',*,*,#552,.F.);
#552 = EDGE_CURVE('',#513,#545,#553,.T.);
#553 = LINE('',#554,#555);
#554 = CARTESIAN_POINT('',(115.65,40.775,0.));
#555 = VECTOR('',#556,1.);
#556 = DIRECTION('',(1.,0.,0.));
#557 = PLANE('',#558);
#558 = AXIS2_PLACEMENT_3D('',#559,#560,#561);
#559 = CARTESIAN_POINT('',(115.65,40.775,0.));
#560 = DIRECTION('',(0.,1.,0.));
#561 = DIRECTION('',(1.,0.,0.));
#562 = ADVANCED_FACE('',(#563),#588,.F.);
#563 = FACE_BOUND('',#564,.F.);
#564 = EDGE_LOOP('',(#565,#566,#574,#582));
#565 = ORIENTED_EDGE('',*,*,#544,.T.);
#566 = ORIENTED_EDGE('',*,*,#567,.T.);
#567 = EDGE_CURVE('',#537,#568,#570,.T.);
#568 = VERTEX_POINT('',#569);
#569 = CARTESIAN_POINT('',(123.1,41.325,1.08680504));
#570 = LINE('',#571,#572);
#571 = CARTESIAN_POINT('',(122.55,40.775,1.08680504));
#572 = VECTOR('',#573,1.);
#573 = DIRECTION('',(0.707106781187,0.707106781187,0.));
#574 = ORIENTED_EDGE('',*,*,#575,.F.);
#575 = EDGE_CURVE('',#576,#568,#578,.T.);
#576 = VERTEX_POINT('',#577);
#577 = CARTESIAN_POINT('',(123.1,41.325,0.));
#578 = LINE('',#579,#580);
#579 = CARTESIAN_POINT('',(123.1,41.325,0.));
#580 = VECTOR('',#581,1.);
#581 = DIRECTION('',(0.,0.,1.));
#582 = ORIENTED_EDGE('',*,*,#583,.F.);
#583 = EDGE_CURVE('',#545,#576,#584,.T.);
#584 = LINE('',#585,#586);
#585 = CARTESIAN_POINT('',(122.55,40.775,0.));
#586 = VECTOR('',#587,1.);
#587 = DIRECTION('',(0.707106781187,0.707106781187,0.));
#588 = PLANE('',#589);
#589 = AXIS2_PLACEMENT_3D('',#590,#591,#592);
#590 = CARTESIAN_POINT('',(122.55,40.775,0.));
#591 = DIRECTION('',(-0.707106781187,0.707106781187,0.));
#592 = DIRECTION('',(0.707106781187,0.707106781187,0.));
#593 = ADVANCED_FACE('',(#594),#619,.F.);
#594 = FACE_BOUND('',#595,.F.);
#595 = EDGE_LOOP('',(#596,#597,#605,#613));
#596 = ORIENTED_EDGE('',*,*,#575,.T.);
#597 = ORIENTED_EDGE('',*,*,#598,.T.);
#598 = EDGE_CURVE('',#568,#599,#601,.T.);
#599 = VERTEX_POINT('',#600);
#600 = CARTESIAN_POINT('',(123.1,51.325,1.08680504));
#601 = LINE('',#602,#603);
#602 = CARTESIAN_POINT('',(123.1,41.325,1.08680504));
#603 = VECTOR('',#604,1.);
#604 = DIRECTION('',(0.,1.,0.));
#605 = ORIENTED_EDGE('',*,*,#606,.F.);
#606 = EDGE_CURVE('',#607,#599,#609,.T.);
#607 = VERTEX_POINT('',#608);
#608 = CARTESIAN_POINT('',(123.1,51.325,0.));
#609 = LINE('',#610,#611);
#610 = CARTESIAN_POINT('',(123.1,51.325,0.));
#611 = VECTOR('',#612,1.);
#612 = DIRECTION('',(0.,0.,1.));
#613 = ORIENTED_EDGE('',*,*,#614,.F.);
#614 = EDGE_CURVE('',#576,#607,#615,.T.);
#615 = LINE('',#616,#617);
#616 = CARTESIAN_POINT('',(123.1,41.325,0.));
#617 = VECTOR('',#618,1.);
#618 = DIRECTION('',(0.,1.,0.));
#619 = PLANE('',#620);
#620 = AXIS2_PLACEMENT_3D('',#621,#622,#623);
#621 = CARTESIAN_POINT('',(123.1,41.325,0.));
#622 = DIRECTION('',(-1.,0.,0.));
#623 = DIRECTION('',(0.,1.,0.));
#624 = ADVANCED_FACE('',(#625),#650,.F.);
#625 = FACE_BOUND('',#626,.F.);
#626 = EDGE_LOOP('',(#627,#628,#636,#644));
#627 = ORIENTED_EDGE('',*,*,#606,.T.);
#628 = ORIENTED_EDGE('',*,*,#629,.T.);
#629 = EDGE_CURVE('',#599,#630,#632,.T.);
#630 = VERTEX_POINT('',#631);
#631 = CARTESIAN_POINT('',(122.55,51.875,1.08680504));
#632 = LINE('',#633,#634);
#633 = CARTESIAN_POINT('',(123.1,51.325,1.08680504));
#634 = VECTOR('',#635,1.);
#635 = DIRECTION('',(-0.707106781187,0.707106781187,0.));
#636 = ORIENTED_EDGE('',*,*,#637,.F.);
#637 = EDGE_CURVE('',#638,#630,#640,.T.);
#638 = VERTEX_POINT('',#639);
#639 = CARTESIAN_POINT('',(122.55,51.875,0.));
#640 = LINE('',#641,#642);
#641 = CARTESIAN_POINT('',(122.55,51.875,0.));
#642 = VECTOR('',#643,1.);
#643 = DIRECTION('',(0.,0.,1.));
#644 = ORIENTED_EDGE('',*,*,#645,.F.);
#645 = EDGE_CURVE('',#607,#638,#646,.T.);
#646 = LINE('',#647,#648);
#647 = CARTESIAN_POINT('',(123.1,51.325,0.));
#648 = VECTOR('',#649,1.);
#649 = DIRECTION('',(-0.707106781187,0.707106781187,0.));
#650 = PLANE('',#651);
#651 = AXIS2_PLACEMENT_3D('',#652,#653,#654);
#652 = CARTESIAN_POINT('',(123.1,51.325,0.));
#653 = DIRECTION('',(-0.707106781187,-0.707106781187,0.));
#654 = DIRECTION('',(-0.707106781187,0.707106781187,0.));
#655 = ADVANCED_FACE('',(#656),#681,.F.);
#656 = FACE_BOUND('',#657,.F.);
#657 = EDGE_LOOP('',(#658,#659,#667,#675));
#658 = ORIENTED_EDGE('',*,*,#637,.T.);
#659 = ORIENTED_EDGE('',*,*,#660,.T.);
#660 = EDGE_CURVE('',#630,#661,#663,.T.);
#661 = VERTEX_POINT('',#662);
#662 = CARTESIAN_POINT('',(115.65,51.875,1.08680504));
#663 = LINE('',#664,#665);
#664 = CARTESIAN_POINT('',(122.55,51.875,1.08680504));
#665 = VECTOR('',#666,1.);
#666 = DIRECTION('',(-1.,0.,0.));
#667 = ORIENTED_EDGE('',*,*,#668,.F.);
#668 = EDGE_CURVE('',#669,#661,#671,.T.);
#669 = VERTEX_POINT('',#670);
#670 = CARTESIAN_POINT('',(115.65,51.875,0.));
#671 = LINE('',#672,#673);
#672 = CARTESIAN_POINT('',(115.65,51.875,0.));
#673 = VECTOR('',#674,1.);
#674 = DIRECTION('',(0.,0.,1.));
#675 = ORIENTED_EDGE('',*,*,#676,.F.);
#676 = EDGE_CURVE('',#638,#669,#677,.T.);
#677 = LINE('',#678,#679);
#678 = CARTESIAN_POINT('',(122.55,51.875,0.));
#679 = VECTOR('',#680,1.);
#680 = DIRECTION('',(-1.,0.,0.));
#681 = PLANE('',#682);
#682 = AXIS2_PLACEMENT_3D('',#683,#684,#685);
#683 = CARTESIAN_POINT('',(122.55,51.875,0.));
#684 = DIRECTION('',(0.,-1.,0.));
#685 = DIRECTION('',(-1.,0.,0.));
#686 = ADVANCED_FACE('',(#687),#714,.F.);
#687 = FACE_BOUND('',#688,.F.);
#688 = EDGE_LOOP('',(#689,#690,#699,#707));
#689 = ORIENTED_EDGE('',*,*,#668,.T.);
#690 = ORIENTED_EDGE('',*,*,#691,.T.);
#691 = EDGE_CURVE('',#661,#692,#694,.T.);
#692 = VERTEX_POINT('',#693);
#693 = CARTESIAN_POINT('',(114.7,52.825,1.08680504));
#694 = CIRCLE('',#695,0.949152662824);
#695 = AXIS2_PLACEMENT_3D('',#696,#697,#698);
#696 = CARTESIAN_POINT('',(115.64915228426,52.824152284264,1.08680504));
#697 = DIRECTION('',(0.,0.,-1.));
#698 = DIRECTION('',(8.931289657341E-04,-0.99999960116,0.));
#699 = ORIENTED_EDGE('',*,*,#700,.F.);
#700 = EDGE_CURVE('',#701,#692,#703,.T.);
#701 = VERTEX_POINT('',#702);
#702 = CARTESIAN_POINT('',(114.7,52.825,0.));
#703 = LINE('',#704,#705);
#704 = CARTESIAN_POINT('',(114.7,52.825,0.));
#705 = VECTOR('',#706,1.);
#706 = DIRECTION('',(0.,0.,1.));
#707 = ORIENTED_EDGE('',*,*,#708,.F.);
#708 = EDGE_CURVE('',#669,#701,#709,.T.);
#709 = CIRCLE('',#710,0.949152662824);
#710 = AXIS2_PLACEMENT_3D('',#711,#712,#713);
#711 = CARTESIAN_POINT('',(115.64915228426,52.824152284264,0.));
#712 = DIRECTION('',(0.,0.,-1.));
#713 = DIRECTION('',(8.931289657341E-04,-0.99999960116,0.));
#714 = CYLINDRICAL_SURFACE('',#715,0.949152662824);
#715 = AXIS2_PLACEMENT_3D('',#716,#717,#718);
#716 = CARTESIAN_POINT('',(115.64915228426,52.824152284264,0.));
#717 = DIRECTION('',(0.,0.,-1.));
#718 = DIRECTION('',(8.931289657341E-04,-0.99999960116,0.));
#719 = ADVANCED_FACE('',(#720),#745,.F.);
#720 = FACE_BOUND('',#721,.F.);
#721 = EDGE_LOOP('',(#722,#723,#731,#739));
#722 = ORIENTED_EDGE('',*,*,#700,.T.);
#723 = ORIENTED_EDGE('',*,*,#724,.T.);
#724 = EDGE_CURVE('',#692,#725,#727,.T.);
#725 = VERTEX_POINT('',#726);
#726 = CARTESIAN_POINT('',(114.7,59.825,1.08680504));
#727 = LINE('',#728,#729);
#728 = CARTESIAN_POINT('',(114.7,52.825,1.08680504));
#729 = VECTOR('',#730,1.);
#730 = DIRECTION('',(0.,1.,0.));
#731 = ORIENTED_EDGE('',*,*,#732,.F.);
#732 = EDGE_CURVE('',#733,#725,#735,.T.);
#733 = VERTEX_POINT('',#734);
#734 = CARTESIAN_POINT('',(114.7,59.825,0.));
#735 = LINE('',#736,#737);
#736 = CARTESIAN_POINT('',(114.7,59.825,0.));
#737 = VECTOR('',#738,1.);
#738 = DIRECTION('',(0.,0.,1.));
#739 = ORIENTED_EDGE('',*,*,#740,.F.);
#740 = EDGE_CURVE('',#701,#733,#741,.T.);
#741 = LINE('',#742,#743);
#742 = CARTESIAN_POINT('',(114.7,52.825,0.));
#743 = VECTOR('',#744,1.);
#744 = DIRECTION('',(0.,1.,0.));
#745 = PLANE('',#746);
#746 = AXIS2_PLACEMENT_3D('',#747,#748,#749);
#747 = CARTESIAN_POINT('',(114.7,52.825,0.));
#748 = DIRECTION('',(-1.,0.,0.));
#749 = DIRECTION('',(0.,1.,0.));
#750 = ADVANCED_FACE('',(#751),#778,.F.);
#751 = FACE_BOUND('',#752,.F.);
#752 = EDGE_LOOP('',(#753,#754,#763,#771));
#753 = ORIENTED_EDGE('',*,*,#732,.T.);
#754 = ORIENTED_EDGE('',*,*,#755,.T.);
#755 = EDGE_CURVE('',#725,#756,#758,.T.);
#756 = VERTEX_POINT('',#757);
#757 = CARTESIAN_POINT('',(115.65,60.775,1.08680504));
#758 = CIRCLE('',#759,0.949152662824);
#759 = AXIS2_PLACEMENT_3D('',#760,#761,#762);
#760 = CARTESIAN_POINT('',(115.64915228426,59.825847715736,1.08680504));
#761 = DIRECTION('',(0.,0.,-1.));
#762 = DIRECTION('',(-0.99999960116,-8.931289657192E-04,-0.));
#763 = ORIENTED_EDGE('',*,*,#764,.F.);
#764 = EDGE_CURVE('',#765,#756,#767,.T.);
#765 = VERTEX_POINT('',#766);
#766 = CARTESIAN_POINT('',(115.65,60.775,0.));
#767 = LINE('',#768,#769);
#768 = CARTESIAN_POINT('',(115.65,60.775,0.));
#769 = VECTOR('',#770,1.);
#770 = DIRECTION('',(0.,0.,1.));
#771 = ORIENTED_EDGE('',*,*,#772,.F.);
#772 = EDGE_CURVE('',#733,#765,#773,.T.);
#773 = CIRCLE('',#774,0.949152662824);
#774 = AXIS2_PLACEMENT_3D('',#775,#776,#777);
#775 = CARTESIAN_POINT('',(115.64915228426,59.825847715736,0.));
#776 = DIRECTION('',(0.,0.,-1.));
#777 = DIRECTION('',(-0.99999960116,-8.931289657192E-04,-0.));
#778 = CYLINDRICAL_SURFACE('',#779,0.949152662824);
#779 = AXIS2_PLACEMENT_3D('',#780,#781,#782);
#780 = CARTESIAN_POINT('',(115.64915228426,59.825847715736,0.));
#781 = DIRECTION('',(0.,0.,-1.));
#782 = DIRECTION('',(-0.99999960116,-8.931289657192E-04,-0.));
#783 = ADVANCED_FACE('',(#784),#809,.F.);
#784 = FACE_BOUND('',#785,.F.);
#785 = EDGE_LOOP('',(#786,#787,#795,#803));
#786 = ORIENTED_EDGE('',*,*,#764,.T.);
#787 = ORIENTED_EDGE('',*,*,#788,.T.);
#788 = EDGE_CURVE('',#756,#789,#791,.T.);
#789 = VERTEX_POINT('',#790);
#790 = CARTESIAN_POINT('',(122.1,60.775,1.08680504));
#791 = LINE('',#792,#793);
#792 = CARTESIAN_POINT('',(115.65,60.775,1.08680504));
#793 = VECTOR('',#794,1.);
#794 = DIRECTION('',(1.,0.,0.));
#795 = ORIENTED_EDGE('',*,*,#796,.F.);
#796 = EDGE_CURVE('',#797,#789,#799,.T.);
#797 = VERTEX_POINT('',#798);
#798 = CARTESIAN_POINT('',(122.1,60.775,0.));
#799 = LINE('',#800,#801);
#800 = CARTESIAN_POINT('',(122.1,60.775,0.));
#801 = VECTOR('',#802,1.);
#802 = DIRECTION('',(0.,0.,1.));
#803 = ORIENTED_EDGE('',*,*,#804,.F.);
#804 = EDGE_CURVE('',#765,#797,#805,.T.);
#805 = LINE('',#806,#807);
#806 = CARTESIAN_POINT('',(115.65,60.775,0.));
#807 = VECTOR('',#808,1.);
#808 = DIRECTION('',(1.,0.,0.));
#809 = PLANE('',#810);
#810 = AXIS2_PLACEMENT_3D('',#811,#812,#813);
#811 = CARTESIAN_POINT('',(115.65,60.775,0.));
#812 = DIRECTION('',(0.,1.,0.));
#813 = DIRECTION('',(1.,0.,0.));
#814 = ADVANCED_FACE('',(#815),#842,.T.);
#815 = FACE_BOUND('',#816,.F.);
#816 = EDGE_LOOP('',(#817,#818,#827,#835));
#817 = ORIENTED_EDGE('',*,*,#796,.T.);
#818 = ORIENTED_EDGE('',*,*,#819,.T.);
#819 = EDGE_CURVE('',#789,#820,#822,.T.);
#820 = VERTEX_POINT('',#821);
#821 = CARTESIAN_POINT('',(123.2,61.875,1.08680504));
#822 = CIRCLE('',#823,1.099377369395);
#823 = AXIS2_PLACEMENT_3D('',#824,#825,#826);
#824 = CARTESIAN_POINT('',(122.10062280701,61.874377192982,1.08680504));
#825 = DIRECTION('',(0.,0.,1.));
#826 = DIRECTION('',(-5.665088575474E-04,-0.999999839534,0.));
#827 = ORIENTED_EDGE('',*,*,#828,.F.);
#828 = EDGE_CURVE('',#829,#820,#831,.T.);
#829 = VERTEX_POINT('',#830);
#830 = CARTESIAN_POINT('',(123.2,61.875,0.));
#831 = LINE('',#832,#833);
#832 = CARTESIAN_POINT('',(123.2,61.875,0.));
#833 = VECTOR('',#834,1.);
#834 = DIRECTION('',(0.,0.,1.));
#835 = ORIENTED_EDGE('',*,*,#836,.F.);
#836 = EDGE_CURVE('',#797,#829,#837,.T.);
#837 = CIRCLE('',#838,1.099377369395);
#838 = AXIS2_PLACEMENT_3D('',#839,#840,#841);
#839 = CARTESIAN_POINT('',(122.10062280701,61.874377192982,0.));
#840 = DIRECTION('',(0.,0.,1.));
#841 = DIRECTION('',(-5.665088575474E-04,-0.999999839534,0.));
#842 = CYLINDRICAL_SURFACE('',#843,1.099377369395);
#843 = AXIS2_PLACEMENT_3D('',#844,#845,#846);
#844 = CARTESIAN_POINT('',(122.10062280701,61.874377192982,0.));
#845 = DIRECTION('',(-0.,-0.,-1.));
#846 = DIRECTION('',(-5.665088575474E-04,-0.999999839534,0.));
#847 = ADVANCED_FACE('',(#848),#873,.F.);
#848 = FACE_BOUND('',#849,.F.);
#849 = EDGE_LOOP('',(#850,#851,#859,#867));
#850 = ORIENTED_EDGE('',*,*,#828,.T.);
#851 = ORIENTED_EDGE('',*,*,#852,.T.);
#852 = EDGE_CURVE('',#820,#853,#855,.T.);
#853 = VERTEX_POINT('',#854);
#854 = CARTESIAN_POINT('',(123.2,79.722,1.08680504));
#855 = LINE('',#856,#857);
#856 = CARTESIAN_POINT('',(123.2,61.875,1.08680504));
#857 = VECTOR('',#858,1.);
#858 = DIRECTION('',(0.,1.,0.));
#859 = ORIENTED_EDGE('',*,*,#860,.F.);
#860 = EDGE_CURVE('',#861,#853,#863,.T.);
#861 = VERTEX_POINT('',#862);
#862 = CARTESIAN_POINT('',(123.2,79.722,0.));
#863 = LINE('',#864,#865);
#864 = CARTESIAN_POINT('',(123.2,79.722,0.));
#865 = VECTOR('',#866,1.);
#866 = DIRECTION('',(0.,0.,1.));
#867 = ORIENTED_EDGE('',*,*,#868,.F.);
#868 = EDGE_CURVE('',#829,#861,#869,.T.);
#869 = LINE('',#870,#871);
#870 = CARTESIAN_POINT('',(123.2,61.875,0.));
#871 = VECTOR('',#872,1.);
#872 = DIRECTION('',(0.,1.,0.));
#873 = PLANE('',#874);
#874 = AXIS2_PLACEMENT_3D('',#875,#876,#877);
#875 = CARTESIAN_POINT('',(123.2,61.875,0.));
#876 = DIRECTION('',(-1.,0.,0.));
#877 = DIRECTION('',(0.,1.,0.));
#878 = ADVANCED_FACE('',(#879),#906,.T.);
#879 = FACE_BOUND('',#880,.F.);
#880 = EDGE_LOOP('',(#881,#882,#891,#899));
#881 = ORIENTED_EDGE('',*,*,#860,.T.);
#882 = ORIENTED_EDGE('',*,*,#883,.T.);
#883 = EDGE_CURVE('',#853,#884,#886,.T.);
#884 = VERTEX_POINT('',#885);
#885 = CARTESIAN_POINT('',(122.1,80.822,1.08680504));
#886 = CIRCLE('',#887,1.099377369395);
#887 = AXIS2_PLACEMENT_3D('',#888,#889,#890);
#888 = CARTESIAN_POINT('',(122.10062280701,79.722622807018,1.08680504));
#889 = DIRECTION('',(0.,0.,1.));
#890 = DIRECTION('',(0.999999839534,-5.665088575344E-04,0.));
#891 = ORIENTED_EDGE('',*,*,#892,.F.);
#892 = EDGE_CURVE('',#893,#884,#895,.T.);
#893 = VERTEX_POINT('',#894);
#894 = CARTESIAN_POINT('',(122.1,80.822,0.));
#895 = LINE('',#896,#897);
#896 = CARTESIAN_POINT('',(122.1,80.822,0.));
#897 = VECTOR('',#898,1.);
#898 = DIRECTION('',(0.,0.,1.));
#899 = ORIENTED_EDGE('',*,*,#900,.F.);
#900 = EDGE_CURVE('',#861,#893,#901,.T.);
#901 = CIRCLE('',#902,1.099377369395);
#902 = AXIS2_PLACEMENT_3D('',#903,#904,#905);
#903 = CARTESIAN_POINT('',(122.10062280701,79.722622807018,0.));
#904 = DIRECTION('',(0.,0.,1.));
#905 = DIRECTION('',(0.999999839534,-5.665088575344E-04,0.));
#906 = CYLINDRICAL_SURFACE('',#907,1.099377369395);
#907 = AXIS2_PLACEMENT_3D('',#908,#909,#910);
#908 = CARTESIAN_POINT('',(122.10062280701,79.722622807018,0.));
#909 = DIRECTION('',(-0.,-0.,-1.));
#910 = DIRECTION('',(0.999999839534,-5.665088575344E-04,0.));
#911 = ADVANCED_FACE('',(#912),#937,.F.);
#912 = FACE_BOUND('',#913,.F.);
#913 = EDGE_LOOP('',(#914,#915,#923,#931));
#914 = ORIENTED_EDGE('',*,*,#892,.T.);
#915 = ORIENTED_EDGE('',*,*,#916,.T.);
#916 = EDGE_CURVE('',#884,#917,#919,.T.);
#917 = VERTEX_POINT('',#918);
#918 = CARTESIAN_POINT('',(114.004,80.822,1.08680504));
#919 = LINE('',#920,#921);
#920 = CARTESIAN_POINT('',(122.1,80.822,1.08680504));
#921 = VECTOR('',#922,1.);
#922 = DIRECTION('',(-1.,0.,0.));
#923 = ORIENTED_EDGE('',*,*,#924,.F.);
#924 = EDGE_CURVE('',#925,#917,#927,.T.);
#925 = VERTEX_POINT('',#926);
#926 = CARTESIAN_POINT('',(114.004,80.822,0.));
#927 = LINE('',#928,#929);
#928 = CARTESIAN_POINT('',(114.004,80.822,0.));
#929 = VECTOR('',#930,1.);
#930 = DIRECTION('',(0.,0.,1.));
#931 = ORIENTED_EDGE('',*,*,#932,.F.);
#932 = EDGE_CURVE('',#893,#925,#933,.T.);
#933 = LINE('',#934,#935);
#934 = CARTESIAN_POINT('',(122.1,80.822,0.));
#935 = VECTOR('',#936,1.);
#936 = DIRECTION('',(-1.,0.,0.));
#937 = PLANE('',#938);
#938 = AXIS2_PLACEMENT_3D('',#939,#940,#941);
#939 = CARTESIAN_POINT('',(122.1,80.822,0.));
#940 = DIRECTION('',(0.,-1.,0.));
#941 = DIRECTION('',(-1.,0.,0.));
#942 = ADVANCED_FACE('',(#943),#970,.F.);
#943 = FACE_BOUND('',#944,.F.);
#944 = EDGE_LOOP('',(#945,#946,#955,#963));
#945 = ORIENTED_EDGE('',*,*,#924,.T.);
#946 = ORIENTED_EDGE('',*,*,#947,.T.);
#947 = EDGE_CURVE('',#917,#948,#950,.T.);
#948 = VERTEX_POINT('',#949);
#949 = CARTESIAN_POINT('',(113.204,81.622,1.08680504));
#950 = CIRCLE('',#951,0.798928430435);
#951 = AXIS2_PLACEMENT_3D('',#952,#953,#954);
#952 = CARTESIAN_POINT('',(114.00292771084,81.620927710843,1.08680504));
#953 = DIRECTION('',(0.,0.,-1.));
#954 = DIRECTION('',(1.342159216991E-03,-0.999999099304,0.));
#955 = ORIENTED_EDGE('',*,*,#956,.F.);
#956 = EDGE_CURVE('',#957,#948,#959,.T.);
#957 = VERTEX_POINT('',#958);
#958 = CARTESIAN_POINT('',(113.204,81.622,0.));
#959 = LINE('',#960,#961);
#960 = CARTESIAN_POINT('',(113.204,81.622,0.));
#961 = VECTOR('',#962,1.);
#962 = DIRECTION('',(0.,0.,1.));
#963 = ORIENTED_EDGE('',*,*,#964,.F.);
#964 = EDGE_CURVE('',#925,#957,#965,.T.);
#965 = CIRCLE('',#966,0.798928430435);
#966 = AXIS2_PLACEMENT_3D('',#967,#968,#969);
#967 = CARTESIAN_POINT('',(114.00292771084,81.620927710843,0.));
#968 = DIRECTION('',(0.,0.,-1.));
#969 = DIRECTION('',(1.342159216991E-03,-0.999999099304,0.));
#970 = CYLINDRICAL_SURFACE('',#971,0.798928430435);
#971 = AXIS2_PLACEMENT_3D('',#972,#973,#974);
#972 = CARTESIAN_POINT('',(114.00292771084,81.620927710843,0.));
#973 = DIRECTION('',(0.,0.,-1.));
#974 = DIRECTION('',(1.342159216991E-03,-0.999999099304,0.));
#975 = ADVANCED_FACE('',(#976),#1001,.F.);
#976 = FACE_BOUND('',#977,.F.);
#977 = EDGE_LOOP('',(#978,#979,#987,#995));
#978 = ORIENTED_EDGE('',*,*,#956,.T.);
#979 = ORIENTED_EDGE('',*,*,#980,.T.);
#980 = EDGE_CURVE('',#948,#981,#983,.T.);
#981 = VERTEX_POINT('',#982);
#982 = CARTESIAN_POINT('',(113.204,84.822,1.08680504));
#983 = LINE('',#984,#985);
#984 = CARTESIAN_POINT('',(113.204,81.622,1.08680504));
#985 = VECTOR('',#986,1.);
#986 = DIRECTION('',(0.,1.,0.));
#987 = ORIENTED_EDGE('',*,*,#988,.F.);
#988 = EDGE_CURVE('',#989,#981,#991,.T.);
#989 = VERTEX_POINT('',#990);
#990 = CARTESIAN_POINT('',(113.204,84.822,0.));
#991 = LINE('',#992,#993);
#992 = CARTESIAN_POINT('',(113.204,84.822,0.));
#993 = VECTOR('',#994,1.);
#994 = DIRECTION('',(0.,0.,1.));
#995 = ORIENTED_EDGE('',*,*,#996,.F.);
#996 = EDGE_CURVE('',#957,#989,#997,.T.);
#997 = LINE('',#998,#999);
#998 = CARTESIAN_POINT('',(113.204,81.622,0.));
#999 = VECTOR('',#1000,1.);
#1000 = DIRECTION('',(0.,1.,0.));
#1001 = PLANE('',#1002);
#1002 = AXIS2_PLACEMENT_3D('',#1003,#1004,#1005);
#1003 = CARTESIAN_POINT('',(113.204,81.622,0.));
#1004 = DIRECTION('',(-1.,0.,0.));
#1005 = DIRECTION('',(0.,1.,0.));
#1006 = ADVANCED_FACE('',(#1007),#1032,.F.);
#1007 = FACE_BOUND('',#1008,.F.);
#1008 = EDGE_LOOP('',(#1009,#1010,#1018,#1026));
#1009 = ORIENTED_EDGE('',*,*,#988,.T.);
#1010 = ORIENTED_EDGE('',*,*,#1011,.T.);
#1011 = EDGE_CURVE('',#981,#1012,#1014,.T.);
#1012 = VERTEX_POINT('',#1013);
#1013 = CARTESIAN_POINT('',(104.954,84.822,1.08680504));
#1014 = LINE('',#1015,#1016);
#1015 = CARTESIAN_POINT('',(113.204,84.822,1.08680504));
#1016 = VECTOR('',#1017,1.);
#1017 = DIRECTION('',(-1.,0.,0.));
#1018 = ORIENTED_EDGE('',*,*,#1019,.F.);
#1019 = EDGE_CURVE('',#1020,#1012,#1022,.T.);
#1020 = VERTEX_POINT('',#1021);
#1021 = CARTESIAN_POINT('',(104.954,84.822,0.));
#1022 = LINE('',#1023,#1024);
#1023 = CARTESIAN_POINT('',(104.954,84.822,0.));
#1024 = VECTOR('',#1025,1.);
#1025 = DIRECTION('',(0.,0.,1.));
#1026 = ORIENTED_EDGE('',*,*,#1027,.F.);
#1027 = EDGE_CURVE('',#989,#1020,#1028,.T.);
#1028 = LINE('',#1029,#1030);
#1029 = CARTESIAN_POINT('',(113.204,84.822,0.));
#1030 = VECTOR('',#1031,1.);
#1031 = DIRECTION('',(-1.,0.,0.));
#1032 = PLANE('',#1033);
#1033 = AXIS2_PLACEMENT_3D('',#1034,#1035,#1036);
#1034 = CARTESIAN_POINT('',(113.204,84.822,0.));
#1035 = DIRECTION('',(0.,-1.,0.));
#1036 = DIRECTION('',(-1.,0.,0.));
#1037 = ADVANCED_FACE('',(#1038),#1063,.F.);
#1038 = FACE_BOUND('',#1039,.F.);
#1039 = EDGE_LOOP('',(#1040,#1041,#1049,#1057));
#1040 = ORIENTED_EDGE('',*,*,#1019,.T.);
#1041 = ORIENTED_EDGE('',*,*,#1042,.T.);
#1042 = EDGE_CURVE('',#1012,#1043,#1045,.T.);
#1043 = VERTEX_POINT('',#1044);
#1044 = CARTESIAN_POINT('',(104.954,81.572,1.08680504));
#1045 = LINE('',#1046,#1047);
#1046 = CARTESIAN_POINT('',(104.954,84.822,1.08680504));
#1047 = VECTOR('',#1048,1.);
#1048 = DIRECTION('',(0.,-1.,0.));
#1049 = ORIENTED_EDGE('',*,*,#1050,.F.);
#1050 = EDGE_CURVE('',#1051,#1043,#1053,.T.);
#1051 = VERTEX_POINT('',#1052);
#1052 = CARTESIAN_POINT('',(104.954,81.572,0.));
#1053 = LINE('',#1054,#1055);
#1054 = CARTESIAN_POINT('',(104.954,81.572,0.));
#1055 = VECTOR('',#1056,1.);
#1056 = DIRECTION('',(0.,0.,1.));
#1057 = ORIENTED_EDGE('',*,*,#1058,.F.);
#1058 = EDGE_CURVE('',#1020,#1051,#1059,.T.);
#1059 = LINE('',#1060,#1061);
#1060 = CARTESIAN_POINT('',(104.954,84.822,0.));
#1061 = VECTOR('',#1062,1.);
#1062 = DIRECTION('',(0.,-1.,0.));
#1063 = PLANE('',#1064);
#1064 = AXIS2_PLACEMENT_3D('',#1065,#1066,#1067);
#1065 = CARTESIAN_POINT('',(104.954,84.822,0.));
#1066 = DIRECTION('',(1.,0.,-0.));
#1067 = DIRECTION('',(0.,-1.,0.));
#1068 = ADVANCED_FACE('',(#1069),#1096,.F.);
#1069 = FACE_BOUND('',#1070,.F.);
#1070 = EDGE_LOOP('',(#1071,#1072,#1081,#1089));
#1071 = ORIENTED_EDGE('',*,*,#1050,.T.);
#1072 = ORIENTED_EDGE('',*,*,#1073,.T.);
#1073 = EDGE_CURVE('',#1043,#1074,#1076,.T.);
#1074 = VERTEX_POINT('',#1075);
#1075 = CARTESIAN_POINT('',(103.454,81.572,1.08680504));
#1076 = CIRCLE('',#1077,0.75);
#1077 = AXIS2_PLACEMENT_3D('',#1078,#1079,#1080);
#1078 = CARTESIAN_POINT('',(104.204,81.572,1.08680504));
#1079 = DIRECTION('',(0.,0.,-1.));
#1080 = DIRECTION('',(1.,0.,0.));
#1081 = ORIENTED_EDGE('',*,*,#1082,.F.);
#1082 = EDGE_CURVE('',#1083,#1074,#1085,.T.);
#1083 = VERTEX_POINT('',#1084);
#1084 = CARTESIAN_POINT('',(103.454,81.572,0.));
#1085 = LINE('',#1086,#1087);
#1086 = CARTESIAN_POINT('',(103.454,81.572,0.));
#1087 = VECTOR('',#1088,1.);
#1088 = DIRECTION('',(0.,0.,1.));
#1089 = ORIENTED_EDGE('',*,*,#1090,.F.);
#1090 = EDGE_CURVE('',#1051,#1083,#1091,.T.);
#1091 = CIRCLE('',#1092,0.75);
#1092 = AXIS2_PLACEMENT_3D('',#1093,#1094,#1095);
#1093 = CARTESIAN_POINT('',(104.204,81.572,0.));
#1094 = DIRECTION('',(0.,0.,-1.));
#1095 = DIRECTION('',(1.,0.,0.));
#1096 = CYLINDRICAL_SURFACE('',#1097,0.75);
#1097 = AXIS2_PLACEMENT_3D('',#1098,#1099,#1100);
#1098 = CARTESIAN_POINT('',(104.204,81.572,0.));
#1099 = DIRECTION('',(0.,0.,-1.));
#1100 = DIRECTION('',(1.,0.,0.));
#1101 = ADVANCED_FACE('',(#1102),#1127,.F.);
#1102 = FACE_BOUND('',#1103,.F.);
#1103 = EDGE_LOOP('',(#1104,#1105,#1113,#1121));
#1104 = ORIENTED_EDGE('',*,*,#1082,.T.);
#1105 = ORIENTED_EDGE('',*,*,#1106,.T.);
#1106 = EDGE_CURVE('',#1074,#1107,#1109,.T.);
#1107 = VERTEX_POINT('',#1108);
#1108 = CARTESIAN_POINT('',(103.454,84.822,1.08680504));
#1109 = LINE('',#1110,#1111);
#1110 = CARTESIAN_POINT('',(103.454,81.572,1.08680504));
#1111 = VECTOR('',#1112,1.);
#1112 = DIRECTION('',(0.,1.,0.));
#1113 = ORIENTED_EDGE('',*,*,#1114,.F.);
#1114 = EDGE_CURVE('',#1115,#1107,#1117,.T.);
#1115 = VERTEX_POINT('',#1116);
#1116 = CARTESIAN_POINT('',(103.454,84.822,0.));
#1117 = LINE('',#1118,#1119);
#1118 = CARTESIAN_POINT('',(103.454,84.822,0.));
#1119 = VECTOR('',#1120,1.);
#1120 = DIRECTION('',(0.,0.,1.));
#1121 = ORIENTED_EDGE('',*,*,#1122,.F.);
#1122 = EDGE_CURVE('',#1083,#1115,#1123,.T.);
#1123 = LINE('',#1124,#1125);
#1124 = CARTESIAN_POINT('',(103.454,81.572,0.));
#1125 = VECTOR('',#1126,1.);
#1126 = DIRECTION('',(0.,1.,0.));
#1127 = PLANE('',#1128);
#1128 = AXIS2_PLACEMENT_3D('',#1129,#1130,#1131);
#1129 = CARTESIAN_POINT('',(103.454,81.572,0.));
#1130 = DIRECTION('',(-1.,0.,0.));
#1131 = DIRECTION('',(0.,1.,0.));
#1132 = ADVANCED_FACE('',(#1133),#1158,.F.);
#1133 = FACE_BOUND('',#1134,.F.);
#1134 = EDGE_LOOP('',(#1135,#1136,#1144,#1152));
#1135 = ORIENTED_EDGE('',*,*,#1114,.T.);
#1136 = ORIENTED_EDGE('',*,*,#1137,.T.);
#1137 = EDGE_CURVE('',#1107,#1138,#1140,.T.);
#1138 = VERTEX_POINT('',#1139);
#1139 = CARTESIAN_POINT('',(87.504,84.822,1.08680504));
#1140 = LINE('',#1141,#1142);
#1141 = CARTESIAN_POINT('',(103.454,84.822,1.08680504));
#1142 = VECTOR('',#1143,1.);
#1143 = DIRECTION('',(-1.,0.,0.));
#1144 = ORIENTED_EDGE('',*,*,#1145,.F.);
#1145 = EDGE_CURVE('',#1146,#1138,#1148,.T.);
#1146 = VERTEX_POINT('',#1147);
#1147 = CARTESIAN_POINT('',(87.504,84.822,0.));
#1148 = LINE('',#1149,#1150);
#1149 = CARTESIAN_POINT('',(87.504,84.822,0.));
#1150 = VECTOR('',#1151,1.);
#1151 = DIRECTION('',(0.,0.,1.));
#1152 = ORIENTED_EDGE('',*,*,#1153,.F.);
#1153 = EDGE_CURVE('',#1115,#1146,#1154,.T.);
#1154 = LINE('',#1155,#1156);
#1155 = CARTESIAN_POINT('',(103.454,84.822,0.));
#1156 = VECTOR('',#1157,1.);
#1157 = DIRECTION('',(-1.,0.,0.));
#1158 = PLANE('',#1159);
#1159 = AXIS2_PLACEMENT_3D('',#1160,#1161,#1162);
#1160 = CARTESIAN_POINT('',(103.454,84.822,0.));
#1161 = DIRECTION('',(0.,-1.,0.));
#1162 = DIRECTION('',(-1.,0.,0.));
#1163 = ADVANCED_FACE('',(#1164),#1189,.F.);
#1164 = FACE_BOUND('',#1165,.F.);
#1165 = EDGE_LOOP('',(#1166,#1167,#1175,#1183));
#1166 = ORIENTED_EDGE('',*,*,#1145,.T.);
#1167 = ORIENTED_EDGE('',*,*,#1168,.T.);
#1168 = EDGE_CURVE('',#1138,#1169,#1171,.T.);
#1169 = VERTEX_POINT('',#1170);
#1170 = CARTESIAN_POINT('',(87.504,76.375,1.08680504));
#1171 = LINE('',#1172,#1173);
#1172 = CARTESIAN_POINT('',(87.504,84.822,1.08680504));
#1173 = VECTOR('',#1174,1.);
#1174 = DIRECTION('',(0.,-1.,0.));
#1175 = ORIENTED_EDGE('',*,*,#1176,.F.);
#1176 = EDGE_CURVE('',#1177,#1169,#1179,.T.);
#1177 = VERTEX_POINT('',#1178);
#1178 = CARTESIAN_POINT('',(87.504,76.375,0.));
#1179 = LINE('',#1180,#1181);
#1180 = CARTESIAN_POINT('',(87.504,76.375,0.));
#1181 = VECTOR('',#1182,1.);
#1182 = DIRECTION('',(0.,0.,1.));
#1183 = ORIENTED_EDGE('',*,*,#1184,.F.);
#1184 = EDGE_CURVE('',#1146,#1177,#1185,.T.);
#1185 = LINE('',#1186,#1187);
#1186 = CARTESIAN_POINT('',(87.504,84.822,0.));
#1187 = VECTOR('',#1188,1.);
#1188 = DIRECTION('',(0.,-1.,0.));
#1189 = PLANE('',#1190);
#1190 = AXIS2_PLACEMENT_3D('',#1191,#1192,#1193);
#1191 = CARTESIAN_POINT('',(87.504,84.822,0.));
#1192 = DIRECTION('',(1.,0.,-0.));
#1193 = DIRECTION('',(0.,-1.,0.));
#1194 = ADVANCED_FACE('',(#1195),#1222,.F.);
#1195 = FACE_BOUND('',#1196,.F.);
#1196 = EDGE_LOOP('',(#1197,#1198,#1207,#1215));
#1197 = ORIENTED_EDGE('',*,*,#1176,.T.);
#1198 = ORIENTED_EDGE('',*,*,#1199,.T.);
#1199 = EDGE_CURVE('',#1169,#1200,#1202,.T.);
#1200 = VERTEX_POINT('',#1201);
#1201 = CARTESIAN_POINT('',(86.704,75.575,1.08680504));
#1202 = CIRCLE('',#1203,0.800633180691);
#1203 = AXIS2_PLACEMENT_3D('',#1204,#1205,#1206);
#1204 = CARTESIAN_POINT('',(86.703367069486,76.375632930514,1.08680504)
  );
#1205 = DIRECTION('',(0.,0.,-1.));
#1206 = DIRECTION('',(0.999999687525,-7.905374506747E-04,0.));
#1207 = ORIENTED_EDGE('',*,*,#1208,.F.);
#1208 = EDGE_CURVE('',#1209,#1200,#1211,.T.);
#1209 = VERTEX_POINT('',#1210);
#1210 = CARTESIAN_POINT('',(86.704,75.575,0.));
#1211 = LINE('',#1212,#1213);
#1212 = CARTESIAN_POINT('',(86.704,75.575,0.));
#1213 = VECTOR('',#1214,1.);
#1214 = DIRECTION('',(0.,0.,1.));
#1215 = ORIENTED_EDGE('',*,*,#1216,.F.);
#1216 = EDGE_CURVE('',#1177,#1209,#1217,.T.);
#1217 = CIRCLE('',#1218,0.800633180691);
#1218 = AXIS2_PLACEMENT_3D('',#1219,#1220,#1221);
#1219 = CARTESIAN_POINT('',(86.703367069486,76.375632930514,0.));
#1220 = DIRECTION('',(0.,0.,-1.));
#1221 = DIRECTION('',(0.999999687525,-7.905374506747E-04,0.));
#1222 = CYLINDRICAL_SURFACE('',#1223,0.800633180691);
#1223 = AXIS2_PLACEMENT_3D('',#1224,#1225,#1226);
#1224 = CARTESIAN_POINT('',(86.703367069486,76.375632930514,0.));
#1225 = DIRECTION('',(0.,0.,-1.));
#1226 = DIRECTION('',(0.999999687525,-7.905374506747E-04,0.));
#1227 = ADVANCED_FACE('',(#1228),#1253,.F.);
#1228 = FACE_BOUND('',#1229,.F.);
#1229 = EDGE_LOOP('',(#1230,#1231,#1239,#1247));
#1230 = ORIENTED_EDGE('',*,*,#1208,.T.);
#1231 = ORIENTED_EDGE('',*,*,#1232,.T.);
#1232 = EDGE_CURVE('',#1200,#1233,#1235,.T.);
#1233 = VERTEX_POINT('',#1234);
#1234 = CARTESIAN_POINT('',(37.019,75.575,1.08680504));
#1235 = LINE('',#1236,#1237);
#1236 = CARTESIAN_POINT('',(86.704,75.575,1.08680504));
#1237 = VECTOR('',#1238,1.);
#1238 = DIRECTION('',(-1.,0.,0.));
#1239 = ORIENTED_EDGE('',*,*,#1240,.F.);
#1240 = EDGE_CURVE('',#1241,#1233,#1243,.T.);
#1241 = VERTEX_POINT('',#1242);
#1242 = CARTESIAN_POINT('',(37.019,75.575,0.));
#1243 = LINE('',#1244,#1245);
#1244 = CARTESIAN_POINT('',(37.019,75.575,0.));
#1245 = VECTOR('',#1246,1.);
#1246 = DIRECTION('',(0.,0.,1.));
#1247 = ORIENTED_EDGE('',*,*,#1248,.F.);
#1248 = EDGE_CURVE('',#1209,#1241,#1249,.T.);
#1249 = LINE('',#1250,#1251);
#1250 = CARTESIAN_POINT('',(86.704,75.575,0.));
#1251 = VECTOR('',#1252,1.);
#1252 = DIRECTION('',(-1.,0.,0.));
#1253 = PLANE('',#1254);
#1254 = AXIS2_PLACEMENT_3D('',#1255,#1256,#1257);
#1255 = CARTESIAN_POINT('',(86.704,75.575,0.));
#1256 = DIRECTION('',(0.,-1.,0.));
#1257 = DIRECTION('',(-1.,0.,0.));
#1258 = ADVANCED_FACE('',(#1259),#1286,.F.);
#1259 = FACE_BOUND('',#1260,.F.);
#1260 = EDGE_LOOP('',(#1261,#1262,#1271,#1279));
#1261 = ORIENTED_EDGE('',*,*,#1240,.T.);
#1262 = ORIENTED_EDGE('',*,*,#1263,.T.);
#1263 = EDGE_CURVE('',#1233,#1264,#1266,.T.);
#1264 = VERTEX_POINT('',#1265);
#1265 = CARTESIAN_POINT('',(36.219,76.375,1.08680504));
#1266 = CIRCLE('',#1267,0.798928430435);
#1267 = AXIS2_PLACEMENT_3D('',#1268,#1269,#1270);
#1268 = CARTESIAN_POINT('',(37.017927710843,76.373927710843,1.08680504)
  );
#1269 = DIRECTION('',(0.,0.,-1.));
#1270 = DIRECTION('',(1.342159217E-03,-0.999999099304,0.));
#1271 = ORIENTED_EDGE('',*,*,#1272,.F.);
#1272 = EDGE_CURVE('',#1273,#1264,#1275,.T.);
#1273 = VERTEX_POINT('',#1274);
#1274 = CARTESIAN_POINT('',(36.219,76.375,0.));
#1275 = LINE('',#1276,#1277);
#1276 = CARTESIAN_POINT('',(36.219,76.375,0.));
#1277 = VECTOR('',#1278,1.);
#1278 = DIRECTION('',(0.,0.,1.));
#1279 = ORIENTED_EDGE('',*,*,#1280,.F.);
#1280 = EDGE_CURVE('',#1241,#1273,#1281,.T.);
#1281 = CIRCLE('',#1282,0.798928430435);
#1282 = AXIS2_PLACEMENT_3D('',#1283,#1284,#1285);
#1283 = CARTESIAN_POINT('',(37.017927710843,76.373927710843,0.));
#1284 = DIRECTION('',(0.,0.,-1.));
#1285 = DIRECTION('',(1.342159217E-03,-0.999999099304,0.));
#1286 = CYLINDRICAL_SURFACE('',#1287,0.798928430435);
#1287 = AXIS2_PLACEMENT_3D('',#1288,#1289,#1290);
#1288 = CARTESIAN_POINT('',(37.017927710843,76.373927710843,0.));
#1289 = DIRECTION('',(0.,0.,-1.));
#1290 = DIRECTION('',(1.342159217E-03,-0.999999099304,0.));
#1291 = ADVANCED_FACE('',(#1292),#1317,.F.);
#1292 = FACE_BOUND('',#1293,.F.);
#1293 = EDGE_LOOP('',(#1294,#1295,#1303,#1311));
#1294 = ORIENTED_EDGE('',*,*,#1272,.T.);
#1295 = ORIENTED_EDGE('',*,*,#1296,.T.);
#1296 = EDGE_CURVE('',#1264,#1297,#1299,.T.);
#1297 = VERTEX_POINT('',#1298);
#1298 = CARTESIAN_POINT('',(36.219,84.822,1.08680504));
#1299 = LINE('',#1300,#1301);
#1300 = CARTESIAN_POINT('',(36.219,76.375,1.08680504));
#1301 = VECTOR('',#1302,1.);
#1302 = DIRECTION('',(0.,1.,0.));
#1303 = ORIENTED_EDGE('',*,*,#1304,.F.);
#1304 = EDGE_CURVE('',#1305,#1297,#1307,.T.);
#1305 = VERTEX_POINT('',#1306);
#1306 = CARTESIAN_POINT('',(36.219,84.822,0.));
#1307 = LINE('',#1308,#1309);
#1308 = CARTESIAN_POINT('',(36.219,84.822,0.));
#1309 = VECTOR('',#1310,1.);
#1310 = DIRECTION('',(0.,0.,1.));
#1311 = ORIENTED_EDGE('',*,*,#1312,.F.);
#1312 = EDGE_CURVE('',#1273,#1305,#1313,.T.);
#1313 = LINE('',#1314,#1315);
#1314 = CARTESIAN_POINT('',(36.219,76.375,0.));
#1315 = VECTOR('',#1316,1.);
#1316 = DIRECTION('',(0.,1.,0.));
#1317 = PLANE('',#1318);
#1318 = AXIS2_PLACEMENT_3D('',#1319,#1320,#1321);
#1319 = CARTESIAN_POINT('',(36.219,76.375,0.));
#1320 = DIRECTION('',(-1.,0.,0.));
#1321 = DIRECTION('',(0.,1.,0.));
#1322 = ADVANCED_FACE('',(#1323),#1348,.F.);
#1323 = FACE_BOUND('',#1324,.F.);
#1324 = EDGE_LOOP('',(#1325,#1326,#1334,#1342));
#1325 = ORIENTED_EDGE('',*,*,#1304,.T.);
#1326 = ORIENTED_EDGE('',*,*,#1327,.T.);
#1327 = EDGE_CURVE('',#1297,#1328,#1330,.T.);
#1328 = VERTEX_POINT('',#1329);
#1329 = CARTESIAN_POINT('',(27.969,84.822,1.08680504));
#1330 = LINE('',#1331,#1332);
#1331 = CARTESIAN_POINT('',(36.219,84.822,1.08680504));
#1332 = VECTOR('',#1333,1.);
#1333 = DIRECTION('',(-1.,0.,0.));
#1334 = ORIENTED_EDGE('',*,*,#1335,.F.);
#1335 = EDGE_CURVE('',#1336,#1328,#1338,.T.);
#1336 = VERTEX_POINT('',#1337);
#1337 = CARTESIAN_POINT('',(27.969,84.822,0.));
#1338 = LINE('',#1339,#1340);
#1339 = CARTESIAN_POINT('',(27.969,84.822,0.));
#1340 = VECTOR('',#1341,1.);
#1341 = DIRECTION('',(0.,0.,1.));
#1342 = ORIENTED_EDGE('',*,*,#1343,.F.);
#1343 = EDGE_CURVE('',#1305,#1336,#1344,.T.);
#1344 = LINE('',#1345,#1346);
#1345 = CARTESIAN_POINT('',(36.219,84.822,0.));
#1346 = VECTOR('',#1347,1.);
#1347 = DIRECTION('',(-1.,0.,0.));
#1348 = PLANE('',#1349);
#1349 = AXIS2_PLACEMENT_3D('',#1350,#1351,#1352);
#1350 = CARTESIAN_POINT('',(36.219,84.822,0.));
#1351 = DIRECTION('',(0.,-1.,0.));
#1352 = DIRECTION('',(-1.,0.,0.));
#1353 = ADVANCED_FACE('',(#1354),#1379,.F.);
#1354 = FACE_BOUND('',#1355,.F.);
#1355 = EDGE_LOOP('',(#1356,#1357,#1365,#1373));
#1356 = ORIENTED_EDGE('',*,*,#1335,.T.);
#1357 = ORIENTED_EDGE('',*,*,#1358,.T.);
#1358 = EDGE_CURVE('',#1328,#1359,#1361,.T.);
#1359 = VERTEX_POINT('',#1360);
#1360 = CARTESIAN_POINT('',(27.969,81.572,1.08680504));
#1361 = LINE('',#1362,#1363);
#1362 = CARTESIAN_POINT('',(27.969,84.822,1.08680504));
#1363 = VECTOR('',#1364,1.);
#1364 = DIRECTION('',(0.,-1.,0.));
#1365 = ORIENTED_EDGE('',*,*,#1366,.F.);
#1366 = EDGE_CURVE('',#1367,#1359,#1369,.T.);
#1367 = VERTEX_POINT('',#1368);
#1368 = CARTESIAN_POINT('',(27.969,81.572,0.));
#1369 = LINE('',#1370,#1371);
#1370 = CARTESIAN_POINT('',(27.969,81.572,0.));
#1371 = VECTOR('',#1372,1.);
#1372 = DIRECTION('',(0.,0.,1.));
#1373 = ORIENTED_EDGE('',*,*,#1374,.F.);
#1374 = EDGE_CURVE('',#1336,#1367,#1375,.T.);
#1375 = LINE('',#1376,#1377);
#1376 = CARTESIAN_POINT('',(27.969,84.822,0.));
#1377 = VECTOR('',#1378,1.);
#1378 = DIRECTION('',(0.,-1.,0.));
#1379 = PLANE('',#1380);
#1380 = AXIS2_PLACEMENT_3D('',#1381,#1382,#1383);
#1381 = CARTESIAN_POINT('',(27.969,84.822,0.));
#1382 = DIRECTION('',(1.,0.,-0.));
#1383 = DIRECTION('',(0.,-1.,0.));
#1384 = ADVANCED_FACE('',(#1385),#1412,.F.);
#1385 = FACE_BOUND('',#1386,.F.);
#1386 = EDGE_LOOP('',(#1387,#1388,#1397,#1405));
#1387 = ORIENTED_EDGE('',*,*,#1366,.T.);
#1388 = ORIENTED_EDGE('',*,*,#1389,.T.);
#1389 = EDGE_CURVE('',#1359,#1390,#1392,.T.);
#1390 = VERTEX_POINT('',#1391);
#1391 = CARTESIAN_POINT('',(26.469,81.572,1.08680504));
#1392 = CIRCLE('',#1393,0.75);
#1393 = AXIS2_PLACEMENT_3D('',#1394,#1395,#1396);
#1394 = CARTESIAN_POINT('',(27.219,81.572,1.08680504));
#1395 = DIRECTION('',(0.,0.,-1.));
#1396 = DIRECTION('',(1.,0.,0.));
#1397 = ORIENTED_EDGE('',*,*,#1398,.F.);
#1398 = EDGE_CURVE('',#1399,#1390,#1401,.T.);
#1399 = VERTEX_POINT('',#1400);
#1400 = CARTESIAN_POINT('',(26.469,81.572,0.));
#1401 = LINE('',#1402,#1403);
#1402 = CARTESIAN_POINT('',(26.469,81.572,0.));
#1403 = VECTOR('',#1404,1.);
#1404 = DIRECTION('',(0.,0.,1.));
#1405 = ORIENTED_EDGE('',*,*,#1406,.F.);
#1406 = EDGE_CURVE('',#1367,#1399,#1407,.T.);
#1407 = CIRCLE('',#1408,0.75);
#1408 = AXIS2_PLACEMENT_3D('',#1409,#1410,#1411);
#1409 = CARTESIAN_POINT('',(27.219,81.572,0.));
#1410 = DIRECTION('',(0.,0.,-1.));
#1411 = DIRECTION('',(1.,0.,0.));
#1412 = CYLINDRICAL_SURFACE('',#1413,0.75);
#1413 = AXIS2_PLACEMENT_3D('',#1414,#1415,#1416);
#1414 = CARTESIAN_POINT('',(27.219,81.572,0.));
#1415 = DIRECTION('',(0.,0.,-1.));
#1416 = DIRECTION('',(1.,0.,0.));
#1417 = ADVANCED_FACE('',(#1418),#1443,.F.);
#1418 = FACE_BOUND('',#1419,.F.);
#1419 = EDGE_LOOP('',(#1420,#1421,#1429,#1437));
#1420 = ORIENTED_EDGE('',*,*,#1398,.T.);
#1421 = ORIENTED_EDGE('',*,*,#1422,.T.);
#1422 = EDGE_CURVE('',#1390,#1423,#1425,.T.);
#1423 = VERTEX_POINT('',#1424);
#1424 = CARTESIAN_POINT('',(26.469,84.822,1.08680504));
#1425 = LINE('',#1426,#1427);
#1426 = CARTESIAN_POINT('',(26.469,81.572,1.08680504));
#1427 = VECTOR('',#1428,1.);
#1428 = DIRECTION('',(0.,1.,0.));
#1429 = ORIENTED_EDGE('',*,*,#1430,.F.);
#1430 = EDGE_CURVE('',#1431,#1423,#1433,.T.);
#1431 = VERTEX_POINT('',#1432);
#1432 = CARTESIAN_POINT('',(26.469,84.822,0.));
#1433 = LINE('',#1434,#1435);
#1434 = CARTESIAN_POINT('',(26.469,84.822,0.));
#1435 = VECTOR('',#1436,1.);
#1436 = DIRECTION('',(0.,0.,1.));
#1437 = ORIENTED_EDGE('',*,*,#1438,.F.);
#1438 = EDGE_CURVE('',#1399,#1431,#1439,.T.);
#1439 = LINE('',#1440,#1441);
#1440 = CARTESIAN_POINT('',(26.469,81.572,0.));
#1441 = VECTOR('',#1442,1.);
#1442 = DIRECTION('',(0.,1.,0.));
#1443 = PLANE('',#1444);
#1444 = AXIS2_PLACEMENT_3D('',#1445,#1446,#1447);
#1445 = CARTESIAN_POINT('',(26.469,81.572,0.));
#1446 = DIRECTION('',(-1.,0.,0.));
#1447 = DIRECTION('',(0.,1.,0.));
#1448 = ADVANCED_FACE('',(#1449),#1474,.F.);
#1449 = FACE_BOUND('',#1450,.F.);
#1450 = EDGE_LOOP('',(#1451,#1452,#1460,#1468));
#1451 = ORIENTED_EDGE('',*,*,#1430,.T.);
#1452 = ORIENTED_EDGE('',*,*,#1453,.T.);
#1453 = EDGE_CURVE('',#1423,#1454,#1456,.T.);
#1454 = VERTEX_POINT('',#1455);
#1455 = CARTESIAN_POINT('',(10.519,84.822,1.08680504));
#1456 = LINE('',#1457,#1458);
#1457 = CARTESIAN_POINT('',(26.469,84.822,1.08680504));
#1458 = VECTOR('',#1459,1.);
#1459 = DIRECTION('',(-1.,0.,0.));
#1460 = ORIENTED_EDGE('',*,*,#1461,.F.);
#1461 = EDGE_CURVE('',#1462,#1454,#1464,.T.);
#1462 = VERTEX_POINT('',#1463);
#1463 = CARTESIAN_POINT('',(10.519,84.822,0.));
#1464 = LINE('',#1465,#1466);
#1465 = CARTESIAN_POINT('',(10.519,84.822,0.));
#1466 = VECTOR('',#1467,1.);
#1467 = DIRECTION('',(0.,0.,1.));
#1468 = ORIENTED_EDGE('',*,*,#1469,.F.);
#1469 = EDGE_CURVE('',#1431,#1462,#1470,.T.);
#1470 = LINE('',#1471,#1472);
#1471 = CARTESIAN_POINT('',(26.469,84.822,0.));
#1472 = VECTOR('',#1473,1.);
#1473 = DIRECTION('',(-1.,0.,0.));
#1474 = PLANE('',#1475);
#1475 = AXIS2_PLACEMENT_3D('',#1476,#1477,#1478);
#1476 = CARTESIAN_POINT('',(26.469,84.822,0.));
#1477 = DIRECTION('',(0.,-1.,0.));
#1478 = DIRECTION('',(-1.,0.,0.));
#1479 = ADVANCED_FACE('',(#1480),#1505,.F.);
#1480 = FACE_BOUND('',#1481,.F.);
#1481 = EDGE_LOOP('',(#1482,#1483,#1491,#1499));
#1482 = ORIENTED_EDGE('',*,*,#1461,.T.);
#1483 = ORIENTED_EDGE('',*,*,#1484,.T.);
#1484 = EDGE_CURVE('',#1454,#1485,#1487,.T.);
#1485 = VERTEX_POINT('',#1486);
#1486 = CARTESIAN_POINT('',(10.519,81.622,1.08680504));
#1487 = LINE('',#1488,#1489);
#1488 = CARTESIAN_POINT('',(10.519,84.822,1.08680504));
#1489 = VECTOR('',#1490,1.);
#1490 = DIRECTION('',(0.,-1.,0.));
#1491 = ORIENTED_EDGE('',*,*,#1492,.F.);
#1492 = EDGE_CURVE('',#1493,#1485,#1495,.T.);
#1493 = VERTEX_POINT('',#1494);
#1494 = CARTESIAN_POINT('',(10.519,81.622,0.));
#1495 = LINE('',#1496,#1497);
#1496 = CARTESIAN_POINT('',(10.519,81.622,0.));
#1497 = VECTOR('',#1498,1.);
#1498 = DIRECTION('',(0.,0.,1.));
#1499 = ORIENTED_EDGE('',*,*,#1500,.F.);
#1500 = EDGE_CURVE('',#1462,#1493,#1501,.T.);
#1501 = LINE('',#1502,#1503);
#1502 = CARTESIAN_POINT('',(10.519,84.822,0.));
#1503 = VECTOR('',#1504,1.);
#1504 = DIRECTION('',(0.,-1.,0.));
#1505 = PLANE('',#1506);
#1506 = AXIS2_PLACEMENT_3D('',#1507,#1508,#1509);
#1507 = CARTESIAN_POINT('',(10.519,84.822,0.));
#1508 = DIRECTION('',(1.,0.,-0.));
#1509 = DIRECTION('',(0.,-1.,0.));
#1510 = ADVANCED_FACE('',(#1511),#1538,.F.);
#1511 = FACE_BOUND('',#1512,.F.);
#1512 = EDGE_LOOP('',(#1513,#1514,#1523,#1531));
#1513 = ORIENTED_EDGE('',*,*,#1492,.T.);
#1514 = ORIENTED_EDGE('',*,*,#1515,.T.);
#1515 = EDGE_CURVE('',#1485,#1516,#1518,.T.);
#1516 = VERTEX_POINT('',#1517);
#1517 = CARTESIAN_POINT('',(9.719,80.822,1.08680504));
#1518 = CIRCLE('',#1519,0.798928430435);
#1519 = AXIS2_PLACEMENT_3D('',#1520,#1521,#1522);
#1520 = CARTESIAN_POINT('',(9.720072289157,81.620927710843,1.08680504));
#1521 = DIRECTION('',(0.,0.,-1.));
#1522 = DIRECTION('',(0.999999099304,1.342159216991E-03,0.));
#1523 = ORIENTED_EDGE('',*,*,#1524,.F.);
#1524 = EDGE_CURVE('',#1525,#1516,#1527,.T.);
#1525 = VERTEX_POINT('',#1526);
#1526 = CARTESIAN_POINT('',(9.719,80.822,0.));
#1527 = LINE('',#1528,#1529);
#1528 = CARTESIAN_POINT('',(9.719,80.822,0.));
#1529 = VECTOR('',#1530,1.);
#1530 = DIRECTION('',(0.,0.,1.));
#1531 = ORIENTED_EDGE('',*,*,#1532,.F.);
#1532 = EDGE_CURVE('',#1493,#1525,#1533,.T.);
#1533 = CIRCLE('',#1534,0.798928430435);
#1534 = AXIS2_PLACEMENT_3D('',#1535,#1536,#1537);
#1535 = CARTESIAN_POINT('',(9.720072289157,81.620927710843,0.));
#1536 = DIRECTION('',(0.,0.,-1.));
#1537 = DIRECTION('',(0.999999099304,1.342159216991E-03,0.));
#1538 = CYLINDRICAL_SURFACE('',#1539,0.798928430435);
#1539 = AXIS2_PLACEMENT_3D('',#1540,#1541,#1542);
#1540 = CARTESIAN_POINT('',(9.720072289157,81.620927710843,0.));
#1541 = DIRECTION('',(0.,0.,-1.));
#1542 = DIRECTION('',(0.999999099304,1.342159216991E-03,0.));
#1543 = ADVANCED_FACE('',(#1544),#1569,.F.);
#1544 = FACE_BOUND('',#1545,.F.);
#1545 = EDGE_LOOP('',(#1546,#1547,#1555,#1563));
#1546 = ORIENTED_EDGE('',*,*,#1524,.T.);
#1547 = ORIENTED_EDGE('',*,*,#1548,.T.);
#1548 = EDGE_CURVE('',#1516,#1549,#1551,.T.);
#1549 = VERTEX_POINT('',#1550);
#1550 = CARTESIAN_POINT('',(1.1,80.822,1.08680504));
#1551 = LINE('',#1552,#1553);
#1552 = CARTESIAN_POINT('',(9.719,80.822,1.08680504));
#1553 = VECTOR('',#1554,1.);
#1554 = DIRECTION('',(-1.,0.,0.));
#1555 = ORIENTED_EDGE('',*,*,#1556,.F.);
#1556 = EDGE_CURVE('',#1557,#1549,#1559,.T.);
#1557 = VERTEX_POINT('',#1558);
#1558 = CARTESIAN_POINT('',(1.1,80.822,0.));
#1559 = LINE('',#1560,#1561);
#1560 = CARTESIAN_POINT('',(1.1,80.822,0.));
#1561 = VECTOR('',#1562,1.);
#1562 = DIRECTION('',(0.,0.,1.));
#1563 = ORIENTED_EDGE('',*,*,#1564,.F.);
#1564 = EDGE_CURVE('',#1525,#1557,#1565,.T.);
#1565 = LINE('',#1566,#1567);
#1566 = CARTESIAN_POINT('',(9.719,80.822,0.));
#1567 = VECTOR('',#1568,1.);
#1568 = DIRECTION('',(-1.,0.,0.));
#1569 = PLANE('',#1570);
#1570 = AXIS2_PLACEMENT_3D('',#1571,#1572,#1573);
#1571 = CARTESIAN_POINT('',(9.719,80.822,0.));
#1572 = DIRECTION('',(0.,-1.,0.));
#1573 = DIRECTION('',(-1.,0.,0.));
#1574 = ADVANCED_FACE('',(#1575),#1602,.T.);
#1575 = FACE_BOUND('',#1576,.F.);
#1576 = EDGE_LOOP('',(#1577,#1578,#1587,#1595));
#1577 = ORIENTED_EDGE('',*,*,#1556,.T.);
#1578 = ORIENTED_EDGE('',*,*,#1579,.T.);
#1579 = EDGE_CURVE('',#1549,#1580,#1582,.T.);
#1580 = VERTEX_POINT('',#1581);
#1581 = CARTESIAN_POINT('',(-2.6645352591E-15,79.722,1.08680504));
#1582 = CIRCLE('',#1583,1.099377369395);
#1583 = AXIS2_PLACEMENT_3D('',#1584,#1585,#1586);
#1584 = CARTESIAN_POINT('',(1.099377192982,79.722622807018,1.08680504));
#1585 = DIRECTION('',(0.,0.,1.));
#1586 = DIRECTION('',(5.665088575344E-04,0.999999839534,-0.));
#1587 = ORIENTED_EDGE('',*,*,#1588,.F.);
#1588 = EDGE_CURVE('',#1589,#1580,#1591,.T.);
#1589 = VERTEX_POINT('',#1590);
#1590 = CARTESIAN_POINT('',(-2.6645352591E-15,79.722,0.));
#1591 = LINE('',#1592,#1593);
#1592 = CARTESIAN_POINT('',(-2.6645352591E-15,79.722,0.));
#1593 = VECTOR('',#1594,1.);
#1594 = DIRECTION('',(0.,0.,1.));
#1595 = ORIENTED_EDGE('',*,*,#1596,.F.);
#1596 = EDGE_CURVE('',#1557,#1589,#1597,.T.);
#1597 = CIRCLE('',#1598,1.099377369395);
#1598 = AXIS2_PLACEMENT_3D('',#1599,#1600,#1601);
#1599 = CARTESIAN_POINT('',(1.099377192982,79.722622807018,0.));
#1600 = DIRECTION('',(0.,0.,1.));
#1601 = DIRECTION('',(5.665088575344E-04,0.999999839534,-0.));
#1602 = CYLINDRICAL_SURFACE('',#1603,1.099377369395);
#1603 = AXIS2_PLACEMENT_3D('',#1604,#1605,#1606);
#1604 = CARTESIAN_POINT('',(1.099377192982,79.722622807018,0.));
#1605 = DIRECTION('',(-0.,-0.,-1.));
#1606 = DIRECTION('',(5.665088575344E-04,0.999999839534,-0.));
#1607 = ADVANCED_FACE('',(#1608),#1633,.F.);
#1608 = FACE_BOUND('',#1609,.F.);
#1609 = EDGE_LOOP('',(#1610,#1611,#1619,#1627));
#1610 = ORIENTED_EDGE('',*,*,#1588,.T.);
#1611 = ORIENTED_EDGE('',*,*,#1612,.T.);
#1612 = EDGE_CURVE('',#1580,#1613,#1615,.T.);
#1613 = VERTEX_POINT('',#1614);
#1614 = CARTESIAN_POINT('',(-1.110223024625E-15,61.875,1.08680504));
#1615 = LINE('',#1616,#1617);
#1616 = CARTESIAN_POINT('',(0.,79.722,1.08680504));
#1617 = VECTOR('',#1618,1.);
#1618 = DIRECTION('',(0.,-1.,0.));
#1619 = ORIENTED_EDGE('',*,*,#1620,.F.);
#1620 = EDGE_CURVE('',#1621,#1613,#1623,.T.);
#1621 = VERTEX_POINT('',#1622);
#1622 = CARTESIAN_POINT('',(-1.110223024625E-15,61.875,0.));
#1623 = LINE('',#1624,#1625);
#1624 = CARTESIAN_POINT('',(-1.110223024625E-15,61.875,0.));
#1625 = VECTOR('',#1626,1.);
#1626 = DIRECTION('',(0.,0.,1.));
#1627 = ORIENTED_EDGE('',*,*,#1628,.F.);
#1628 = EDGE_CURVE('',#1589,#1621,#1629,.T.);
#1629 = LINE('',#1630,#1631);
#1630 = CARTESIAN_POINT('',(0.,79.722,0.));
#1631 = VECTOR('',#1632,1.);
#1632 = DIRECTION('',(0.,-1.,0.));
#1633 = PLANE('',#1634);
#1634 = AXIS2_PLACEMENT_3D('',#1635,#1636,#1637);
#1635 = CARTESIAN_POINT('',(0.,79.722,0.));
#1636 = DIRECTION('',(1.,0.,-0.));
#1637 = DIRECTION('',(0.,-1.,0.));
#1638 = ADVANCED_FACE('',(#1639),#1666,.T.);
#1639 = FACE_BOUND('',#1640,.F.);
#1640 = EDGE_LOOP('',(#1641,#1642,#1651,#1659));
#1641 = ORIENTED_EDGE('',*,*,#1620,.T.);
#1642 = ORIENTED_EDGE('',*,*,#1643,.T.);
#1643 = EDGE_CURVE('',#1613,#1644,#1646,.T.);
#1644 = VERTEX_POINT('',#1645);
#1645 = CARTESIAN_POINT('',(1.1,60.775,1.08680504));
#1646 = CIRCLE('',#1647,1.099377369395);
#1647 = AXIS2_PLACEMENT_3D('',#1648,#1649,#1650);
#1648 = CARTESIAN_POINT('',(1.099377192982,61.874377192982,1.08680504));
#1649 = DIRECTION('',(0.,0.,1.));
#1650 = DIRECTION('',(-0.999999839534,5.665088575344E-04,0.));
#1651 = ORIENTED_EDGE('',*,*,#1652,.F.);
#1652 = EDGE_CURVE('',#1653,#1644,#1655,.T.);
#1653 = VERTEX_POINT('',#1654);
#1654 = CARTESIAN_POINT('',(1.1,60.775,0.));
#1655 = LINE('',#1656,#1657);
#1656 = CARTESIAN_POINT('',(1.1,60.775,0.));
#1657 = VECTOR('',#1658,1.);
#1658 = DIRECTION('',(0.,0.,1.));
#1659 = ORIENTED_EDGE('',*,*,#1660,.F.);
#1660 = EDGE_CURVE('',#1621,#1653,#1661,.T.);
#1661 = CIRCLE('',#1662,1.099377369395);
#1662 = AXIS2_PLACEMENT_3D('',#1663,#1664,#1665);
#1663 = CARTESIAN_POINT('',(1.099377192982,61.874377192982,0.));
#1664 = DIRECTION('',(0.,0.,1.));
#1665 = DIRECTION('',(-0.999999839534,5.665088575344E-04,0.));
#1666 = CYLINDRICAL_SURFACE('',#1667,1.099377369395);
#1667 = AXIS2_PLACEMENT_3D('',#1668,#1669,#1670);
#1668 = CARTESIAN_POINT('',(1.099377192982,61.874377192982,0.));
#1669 = DIRECTION('',(-0.,-0.,-1.));
#1670 = DIRECTION('',(-0.999999839534,5.665088575344E-04,0.));
#1671 = ADVANCED_FACE('',(#1672),#1697,.F.);
#1672 = FACE_BOUND('',#1673,.F.);
#1673 = EDGE_LOOP('',(#1674,#1675,#1683,#1691));
#1674 = ORIENTED_EDGE('',*,*,#1652,.T.);
#1675 = ORIENTED_EDGE('',*,*,#1676,.T.);
#1676 = EDGE_CURVE('',#1644,#1677,#1679,.T.);
#1677 = VERTEX_POINT('',#1678);
#1678 = CARTESIAN_POINT('',(7.55,60.775,1.08680504));
#1679 = LINE('',#1680,#1681);
#1680 = CARTESIAN_POINT('',(1.1,60.775,1.08680504));
#1681 = VECTOR('',#1682,1.);
#1682 = DIRECTION('',(1.,0.,0.));
#1683 = ORIENTED_EDGE('',*,*,#1684,.F.);
#1684 = EDGE_CURVE('',#1685,#1677,#1687,.T.);
#1685 = VERTEX_POINT('',#1686);
#1686 = CARTESIAN_POINT('',(7.55,60.775,0.));
#1687 = LINE('',#1688,#1689);
#1688 = CARTESIAN_POINT('',(7.55,60.775,0.));
#1689 = VECTOR('',#1690,1.);
#1690 = DIRECTION('',(0.,0.,1.));
#1691 = ORIENTED_EDGE('',*,*,#1692,.F.);
#1692 = EDGE_CURVE('',#1653,#1685,#1693,.T.);
#1693 = LINE('',#1694,#1695);
#1694 = CARTESIAN_POINT('',(1.1,60.775,0.));
#1695 = VECTOR('',#1696,1.);
#1696 = DIRECTION('',(1.,0.,0.));
#1697 = PLANE('',#1698);
#1698 = AXIS2_PLACEMENT_3D('',#1699,#1700,#1701);
#1699 = CARTESIAN_POINT('',(1.1,60.775,0.));
#1700 = DIRECTION('',(0.,1.,0.));
#1701 = DIRECTION('',(1.,0.,0.));
#1702 = ADVANCED_FACE('',(#1703),#1730,.F.);
#1703 = FACE_BOUND('',#1704,.F.);
#1704 = EDGE_LOOP('',(#1705,#1706,#1715,#1723));
#1705 = ORIENTED_EDGE('',*,*,#1684,.T.);
#1706 = ORIENTED_EDGE('',*,*,#1707,.T.);
#1707 = EDGE_CURVE('',#1677,#1708,#1710,.T.);
#1708 = VERTEX_POINT('',#1709);
#1709 = CARTESIAN_POINT('',(8.5,59.825,1.08680504));
#1710 = CIRCLE('',#1711,0.950859166434);
#1711 = AXIS2_PLACEMENT_3D('',#1712,#1713,#1714);
#1712 = CARTESIAN_POINT('',(7.549141221374,59.824141221374,1.08680504));
#1713 = DIRECTION('',(0.,0.,-1.));
#1714 = DIRECTION('',(9.031606953641E-04,0.99999959215,0.));
#1715 = ORIENTED_EDGE('',*,*,#1716,.F.);
#1716 = EDGE_CURVE('',#1717,#1708,#1719,.T.);
#1717 = VERTEX_POINT('',#1718);
#1718 = CARTESIAN_POINT('',(8.5,59.825,0.));
#1719 = LINE('',#1720,#1721);
#1720 = CARTESIAN_POINT('',(8.5,59.825,0.));
#1721 = VECTOR('',#1722,1.);
#1722 = DIRECTION('',(0.,0.,1.));
#1723 = ORIENTED_EDGE('',*,*,#1724,.F.);
#1724 = EDGE_CURVE('',#1685,#1717,#1725,.T.);
#1725 = CIRCLE('',#1726,0.950859166434);
#1726 = AXIS2_PLACEMENT_3D('',#1727,#1728,#1729);
#1727 = CARTESIAN_POINT('',(7.549141221374,59.824141221374,0.));
#1728 = DIRECTION('',(0.,0.,-1.));
#1729 = DIRECTION('',(9.031606953641E-04,0.99999959215,0.));
#1730 = CYLINDRICAL_SURFACE('',#1731,0.950859166434);
#1731 = AXIS2_PLACEMENT_3D('',#1732,#1733,#1734);
#1732 = CARTESIAN_POINT('',(7.549141221374,59.824141221374,0.));
#1733 = DIRECTION('',(0.,0.,-1.));
#1734 = DIRECTION('',(9.031606953641E-04,0.99999959215,0.));
#1735 = ADVANCED_FACE('',(#1736),#1761,.F.);
#1736 = FACE_BOUND('',#1737,.F.);
#1737 = EDGE_LOOP('',(#1738,#1739,#1747,#1755));
#1738 = ORIENTED_EDGE('',*,*,#1716,.T.);
#1739 = ORIENTED_EDGE('',*,*,#1740,.T.);
#1740 = EDGE_CURVE('',#1708,#1741,#1743,.T.);
#1741 = VERTEX_POINT('',#1742);
#1742 = CARTESIAN_POINT('',(8.5,52.825,1.08680504));
#1743 = LINE('',#1744,#1745);
#1744 = CARTESIAN_POINT('',(8.5,59.825,1.08680504));
#1745 = VECTOR('',#1746,1.);
#1746 = DIRECTION('',(0.,-1.,0.));
#1747 = ORIENTED_EDGE('',*,*,#1748,.F.);
#1748 = EDGE_CURVE('',#1749,#1741,#1751,.T.);
#1749 = VERTEX_POINT('',#1750);
#1750 = CARTESIAN_POINT('',(8.5,52.825,0.));
#1751 = LINE('',#1752,#1753);
#1752 = CARTESIAN_POINT('',(8.5,52.825,0.));
#1753 = VECTOR('',#1754,1.);
#1754 = DIRECTION('',(0.,0.,1.));
#1755 = ORIENTED_EDGE('',*,*,#1756,.F.);
#1756 = EDGE_CURVE('',#1717,#1749,#1757,.T.);
#1757 = LINE('',#1758,#1759);
#1758 = CARTESIAN_POINT('',(8.5,59.825,0.));
#1759 = VECTOR('',#1760,1.);
#1760 = DIRECTION('',(0.,-1.,0.));
#1761 = PLANE('',#1762);
#1762 = AXIS2_PLACEMENT_3D('',#1763,#1764,#1765);
#1763 = CARTESIAN_POINT('',(8.5,59.825,0.));
#1764 = DIRECTION('',(1.,0.,-0.));
#1765 = DIRECTION('',(0.,-1.,0.));
#1766 = ADVANCED_FACE('',(#1767),#1794,.F.);
#1767 = FACE_BOUND('',#1768,.F.);
#1768 = EDGE_LOOP('',(#1769,#1770,#1779,#1787));
#1769 = ORIENTED_EDGE('',*,*,#1748,.T.);
#1770 = ORIENTED_EDGE('',*,*,#1771,.T.);
#1771 = EDGE_CURVE('',#1741,#1772,#1774,.T.);
#1772 = VERTEX_POINT('',#1773);
#1773 = CARTESIAN_POINT('',(7.55,51.875,1.08680504));
#1774 = CIRCLE('',#1775,0.949152662824);
#1775 = AXIS2_PLACEMENT_3D('',#1776,#1777,#1778);
#1776 = CARTESIAN_POINT('',(7.550847715736,52.824152284264,1.08680504));
#1777 = DIRECTION('',(0.,0.,-1.));
#1778 = DIRECTION('',(0.99999960116,8.931289656967E-04,0.));
#1779 = ORIENTED_EDGE('',*,*,#1780,.F.);
#1780 = EDGE_CURVE('',#1781,#1772,#1783,.T.);
#1781 = VERTEX_POINT('',#1782);
#1782 = CARTESIAN_POINT('',(7.55,51.875,0.));
#1783 = LINE('',#1784,#1785);
#1784 = CARTESIAN_POINT('',(7.55,51.875,0.));
#1785 = VECTOR('',#1786,1.);
#1786 = DIRECTION('',(0.,0.,1.));
#1787 = ORIENTED_EDGE('',*,*,#1788,.F.);
#1788 = EDGE_CURVE('',#1749,#1781,#1789,.T.);
#1789 = CIRCLE('',#1790,0.949152662824);
#1790 = AXIS2_PLACEMENT_3D('',#1791,#1792,#1793);
#1791 = CARTESIAN_POINT('',(7.550847715736,52.824152284264,0.));
#1792 = DIRECTION('',(0.,0.,-1.));
#1793 = DIRECTION('',(0.99999960116,8.931289656967E-04,0.));
#1794 = CYLINDRICAL_SURFACE('',#1795,0.949152662824);
#1795 = AXIS2_PLACEMENT_3D('',#1796,#1797,#1798);
#1796 = CARTESIAN_POINT('',(7.550847715736,52.824152284264,0.));
#1797 = DIRECTION('',(0.,0.,-1.));
#1798 = DIRECTION('',(0.99999960116,8.931289656967E-04,0.));
#1799 = ADVANCED_FACE('',(#1800),#1825,.F.);
#1800 = FACE_BOUND('',#1801,.F.);
#1801 = EDGE_LOOP('',(#1802,#1803,#1811,#1819));
#1802 = ORIENTED_EDGE('',*,*,#1780,.T.);
#1803 = ORIENTED_EDGE('',*,*,#1804,.T.);
#1804 = EDGE_CURVE('',#1772,#1805,#1807,.T.);
#1805 = VERTEX_POINT('',#1806);
#1806 = CARTESIAN_POINT('',(0.65,51.875,1.08680504));
#1807 = LINE('',#1808,#1809);
#1808 = CARTESIAN_POINT('',(7.55,51.875,1.08680504));
#1809 = VECTOR('',#1810,1.);
#1810 = DIRECTION('',(-1.,0.,0.));
#1811 = ORIENTED_EDGE('',*,*,#1812,.F.);
#1812 = EDGE_CURVE('',#1813,#1805,#1815,.T.);
#1813 = VERTEX_POINT('',#1814);
#1814 = CARTESIAN_POINT('',(0.65,51.875,0.));
#1815 = LINE('',#1816,#1817);
#1816 = CARTESIAN_POINT('',(0.65,51.875,0.));
#1817 = VECTOR('',#1818,1.);
#1818 = DIRECTION('',(0.,0.,1.));
#1819 = ORIENTED_EDGE('',*,*,#1820,.F.);
#1820 = EDGE_CURVE('',#1781,#1813,#1821,.T.);
#1821 = LINE('',#1822,#1823);
#1822 = CARTESIAN_POINT('',(7.55,51.875,0.));
#1823 = VECTOR('',#1824,1.);
#1824 = DIRECTION('',(-1.,0.,0.));
#1825 = PLANE('',#1826);
#1826 = AXIS2_PLACEMENT_3D('',#1827,#1828,#1829);
#1827 = CARTESIAN_POINT('',(7.55,51.875,0.));
#1828 = DIRECTION('',(0.,-1.,0.));
#1829 = DIRECTION('',(-1.,0.,0.));
#1830 = ADVANCED_FACE('',(#1831),#1856,.F.);
#1831 = FACE_BOUND('',#1832,.F.);
#1832 = EDGE_LOOP('',(#1833,#1834,#1842,#1850));
#1833 = ORIENTED_EDGE('',*,*,#1812,.T.);
#1834 = ORIENTED_EDGE('',*,*,#1835,.T.);
#1835 = EDGE_CURVE('',#1805,#1836,#1838,.T.);
#1836 = VERTEX_POINT('',#1837);
#1837 = CARTESIAN_POINT('',(0.1,51.325,1.08680504));
#1838 = LINE('',#1839,#1840);
#1839 = CARTESIAN_POINT('',(0.65,51.875,1.08680504));
#1840 = VECTOR('',#1841,1.);
#1841 = DIRECTION('',(-0.707106781187,-0.707106781187,0.));
#1842 = ORIENTED_EDGE('',*,*,#1843,.F.);
#1843 = EDGE_CURVE('',#1844,#1836,#1846,.T.);
#1844 = VERTEX_POINT('',#1845);
#1845 = CARTESIAN_POINT('',(0.1,51.325,0.));
#1846 = LINE('',#1847,#1848);
#1847 = CARTESIAN_POINT('',(0.1,51.325,0.));
#1848 = VECTOR('',#1849,1.);
#1849 = DIRECTION('',(0.,0.,1.));
#1850 = ORIENTED_EDGE('',*,*,#1851,.F.);
#1851 = EDGE_CURVE('',#1813,#1844,#1852,.T.);
#1852 = LINE('',#1853,#1854);
#1853 = CARTESIAN_POINT('',(0.65,51.875,0.));
#1854 = VECTOR('',#1855,1.);
#1855 = DIRECTION('',(-0.707106781187,-0.707106781187,0.));
#1856 = PLANE('',#1857);
#1857 = AXIS2_PLACEMENT_3D('',#1858,#1859,#1860);
#1858 = CARTESIAN_POINT('',(0.65,51.875,0.));
#1859 = DIRECTION('',(0.707106781187,-0.707106781187,0.));
#1860 = DIRECTION('',(-0.707106781187,-0.707106781187,0.));
#1861 = ADVANCED_FACE('',(#1862),#1887,.F.);
#1862 = FACE_BOUND('',#1863,.F.);
#1863 = EDGE_LOOP('',(#1864,#1865,#1873,#1881));
#1864 = ORIENTED_EDGE('',*,*,#1843,.T.);
#1865 = ORIENTED_EDGE('',*,*,#1866,.T.);
#1866 = EDGE_CURVE('',#1836,#1867,#1869,.T.);
#1867 = VERTEX_POINT('',#1868);
#1868 = CARTESIAN_POINT('',(0.1,45.325,1.08680504));
#1869 = LINE('',#1870,#1871);
#1870 = CARTESIAN_POINT('',(0.1,51.325,1.08680504));
#1871 = VECTOR('',#1872,1.);
#1872 = DIRECTION('',(0.,-1.,0.));
#1873 = ORIENTED_EDGE('',*,*,#1874,.F.);
#1874 = EDGE_CURVE('',#1875,#1867,#1877,.T.);
#1875 = VERTEX_POINT('',#1876);
#1876 = CARTESIAN_POINT('',(0.1,45.325,0.));
#1877 = LINE('',#1878,#1879);
#1878 = CARTESIAN_POINT('',(0.1,45.325,0.));
#1879 = VECTOR('',#1880,1.);
#1880 = DIRECTION('',(0.,0.,1.));
#1881 = ORIENTED_EDGE('',*,*,#1882,.F.);
#1882 = EDGE_CURVE('',#1844,#1875,#1883,.T.);
#1883 = LINE('',#1884,#1885);
#1884 = CARTESIAN_POINT('',(0.1,51.325,0.));
#1885 = VECTOR('',#1886,1.);
#1886 = DIRECTION('',(0.,-1.,0.));
#1887 = PLANE('',#1888);
#1888 = AXIS2_PLACEMENT_3D('',#1889,#1890,#1891);
#1889 = CARTESIAN_POINT('',(0.1,51.325,0.));
#1890 = DIRECTION('',(1.,0.,-0.));
#1891 = DIRECTION('',(0.,-1.,0.));
#1892 = ADVANCED_FACE('',(#1893),#1918,.F.);
#1893 = FACE_BOUND('',#1894,.F.);
#1894 = EDGE_LOOP('',(#1895,#1896,#1904,#1912));
#1895 = ORIENTED_EDGE('',*,*,#1874,.T.);
#1896 = ORIENTED_EDGE('',*,*,#1897,.T.);
#1897 = EDGE_CURVE('',#1867,#1898,#1900,.T.);
#1898 = VERTEX_POINT('',#1899);
#1899 = CARTESIAN_POINT('',(0.65,44.775,1.08680504));
#1900 = LINE('',#1901,#1902);
#1901 = CARTESIAN_POINT('',(0.1,45.325,1.08680504));
#1902 = VECTOR('',#1903,1.);
#1903 = DIRECTION('',(0.707106781187,-0.707106781187,0.));
#1904 = ORIENTED_EDGE('',*,*,#1905,.F.);
#1905 = EDGE_CURVE('',#1906,#1898,#1908,.T.);
#1906 = VERTEX_POINT('',#1907);
#1907 = CARTESIAN_POINT('',(0.65,44.775,0.));
#1908 = LINE('',#1909,#1910);
#1909 = CARTESIAN_POINT('',(0.65,44.775,0.));
#1910 = VECTOR('',#1911,1.);
#1911 = DIRECTION('',(0.,0.,1.));
#1912 = ORIENTED_EDGE('',*,*,#1913,.F.);
#1913 = EDGE_CURVE('',#1875,#1906,#1914,.T.);
#1914 = LINE('',#1915,#1916);
#1915 = CARTESIAN_POINT('',(0.1,45.325,0.));
#1916 = VECTOR('',#1917,1.);
#1917 = DIRECTION('',(0.707106781187,-0.707106781187,0.));
#1918 = PLANE('',#1919);
#1919 = AXIS2_PLACEMENT_3D('',#1920,#1921,#1922);
#1920 = CARTESIAN_POINT('',(0.1,45.325,0.));
#1921 = DIRECTION('',(0.707106781187,0.707106781187,-0.));
#1922 = DIRECTION('',(0.707106781187,-0.707106781187,0.));
#1923 = ADVANCED_FACE('',(#1924),#1949,.F.);
#1924 = FACE_BOUND('',#1925,.F.);
#1925 = EDGE_LOOP('',(#1926,#1927,#1935,#1943));
#1926 = ORIENTED_EDGE('',*,*,#1905,.T.);
#1927 = ORIENTED_EDGE('',*,*,#1928,.T.);
#1928 = EDGE_CURVE('',#1898,#1929,#1931,.T.);
#1929 = VERTEX_POINT('',#1930);
#1930 = CARTESIAN_POINT('',(7.55,44.775,1.08680504));
#1931 = LINE('',#1932,#1933);
#1932 = CARTESIAN_POINT('',(0.65,44.775,1.08680504));
#1933 = VECTOR('',#1934,1.);
#1934 = DIRECTION('',(1.,0.,0.));
#1935 = ORIENTED_EDGE('',*,*,#1936,.F.);
#1936 = EDGE_CURVE('',#1937,#1929,#1939,.T.);
#1937 = VERTEX_POINT('',#1938);
#1938 = CARTESIAN_POINT('',(7.55,44.775,0.));
#1939 = LINE('',#1940,#1941);
#1940 = CARTESIAN_POINT('',(7.55,44.775,0.));
#1941 = VECTOR('',#1942,1.);
#1942 = DIRECTION('',(0.,0.,1.));
#1943 = ORIENTED_EDGE('',*,*,#1944,.F.);
#1944 = EDGE_CURVE('',#1906,#1937,#1945,.T.);
#1945 = LINE('',#1946,#1947);
#1946 = CARTESIAN_POINT('',(0.65,44.775,0.));
#1947 = VECTOR('',#1948,1.);
#1948 = DIRECTION('',(1.,0.,0.));
#1949 = PLANE('',#1950);
#1950 = AXIS2_PLACEMENT_3D('',#1951,#1952,#1953);
#1951 = CARTESIAN_POINT('',(0.65,44.775,0.));
#1952 = DIRECTION('',(0.,1.,0.));
#1953 = DIRECTION('',(1.,0.,0.));
#1954 = ADVANCED_FACE('',(#1955),#1982,.F.);
#1955 = FACE_BOUND('',#1956,.F.);
#1956 = EDGE_LOOP('',(#1957,#1958,#1967,#1975));
#1957 = ORIENTED_EDGE('',*,*,#1936,.T.);
#1958 = ORIENTED_EDGE('',*,*,#1959,.T.);
#1959 = EDGE_CURVE('',#1929,#1960,#1962,.T.);
#1960 = VERTEX_POINT('',#1961);
#1961 = CARTESIAN_POINT('',(7.55,42.875,1.08680504));
#1962 = CIRCLE('',#1963,0.95);
#1963 = AXIS2_PLACEMENT_3D('',#1964,#1965,#1966);
#1964 = CARTESIAN_POINT('',(7.55,43.825,1.08680504));
#1965 = DIRECTION('',(0.,0.,-1.));
#1966 = DIRECTION('',(-2.804773956948E-15,1.,-0.));
#1967 = ORIENTED_EDGE('',*,*,#1968,.F.);
#1968 = EDGE_CURVE('',#1969,#1960,#1971,.T.);
#1969 = VERTEX_POINT('',#1970);
#1970 = CARTESIAN_POINT('',(7.55,42.875,0.));
#1971 = LINE('',#1972,#1973);
#1972 = CARTESIAN_POINT('',(7.55,42.875,0.));
#1973 = VECTOR('',#1974,1.);
#1974 = DIRECTION('',(0.,0.,1.));
#1975 = ORIENTED_EDGE('',*,*,#1976,.F.);
#1976 = EDGE_CURVE('',#1937,#1969,#1977,.T.);
#1977 = CIRCLE('',#1978,0.95);
#1978 = AXIS2_PLACEMENT_3D('',#1979,#1980,#1981);
#1979 = CARTESIAN_POINT('',(7.55,43.825,0.));
#1980 = DIRECTION('',(0.,0.,-1.));
#1981 = DIRECTION('',(-2.804773956948E-15,1.,-0.));
#1982 = CYLINDRICAL_SURFACE('',#1983,0.95);
#1983 = AXIS2_PLACEMENT_3D('',#1984,#1985,#1986);
#1984 = CARTESIAN_POINT('',(7.55,43.825,0.));
#1985 = DIRECTION('',(0.,0.,-1.));
#1986 = DIRECTION('',(-2.804773956948E-15,1.,-0.));
#1987 = ADVANCED_FACE('',(#1988),#2013,.F.);
#1988 = FACE_BOUND('',#1989,.F.);
#1989 = EDGE_LOOP('',(#1990,#1991,#1999,#2007));
#1990 = ORIENTED_EDGE('',*,*,#1968,.T.);
#1991 = ORIENTED_EDGE('',*,*,#1992,.T.);
#1992 = EDGE_CURVE('',#1960,#1993,#1995,.T.);
#1993 = VERTEX_POINT('',#1994);
#1994 = CARTESIAN_POINT('',(0.65,42.875,1.08680504));
#1995 = LINE('',#1996,#1997);
#1996 = CARTESIAN_POINT('',(7.55,42.875,1.08680504));
#1997 = VECTOR('',#1998,1.);
#1998 = DIRECTION('',(-1.,0.,0.));
#1999 = ORIENTED_EDGE('',*,*,#2000,.F.);
#2000 = EDGE_CURVE('',#2001,#1993,#2003,.T.);
#2001 = VERTEX_POINT('',#2002);
#2002 = CARTESIAN_POINT('',(0.65,42.875,0.));
#2003 = LINE('',#2004,#2005);
#2004 = CARTESIAN_POINT('',(0.65,42.875,0.));
#2005 = VECTOR('',#2006,1.);
#2006 = DIRECTION('',(0.,0.,1.));
#2007 = ORIENTED_EDGE('',*,*,#2008,.F.);
#2008 = EDGE_CURVE('',#1969,#2001,#2009,.T.);
#2009 = LINE('',#2010,#2011);
#2010 = CARTESIAN_POINT('',(7.55,42.875,0.));
#2011 = VECTOR('',#2012,1.);
#2012 = DIRECTION('',(-1.,0.,0.));
#2013 = PLANE('',#2014);
#2014 = AXIS2_PLACEMENT_3D('',#2015,#2016,#2017);
#2015 = CARTESIAN_POINT('',(7.55,42.875,0.));
#2016 = DIRECTION('',(0.,-1.,0.));
#2017 = DIRECTION('',(-1.,0.,0.));
#2018 = ADVANCED_FACE('',(#2019),#2044,.F.);
#2019 = FACE_BOUND('',#2020,.F.);
#2020 = EDGE_LOOP('',(#2021,#2022,#2030,#2038));
#2021 = ORIENTED_EDGE('',*,*,#2000,.T.);
#2022 = ORIENTED_EDGE('',*,*,#2023,.T.);
#2023 = EDGE_CURVE('',#1993,#2024,#2026,.T.);
#2024 = VERTEX_POINT('',#2025);
#2025 = CARTESIAN_POINT('',(0.1,42.325,1.08680504));
#2026 = LINE('',#2027,#2028);
#2027 = CARTESIAN_POINT('',(0.65,42.875,1.08680504));
#2028 = VECTOR('',#2029,1.);
#2029 = DIRECTION('',(-0.707106781187,-0.707106781187,0.));
#2030 = ORIENTED_EDGE('',*,*,#2031,.F.);
#2031 = EDGE_CURVE('',#2032,#2024,#2034,.T.);
#2032 = VERTEX_POINT('',#2033);
#2033 = CARTESIAN_POINT('',(0.1,42.325,0.));
#2034 = LINE('',#2035,#2036);
#2035 = CARTESIAN_POINT('',(0.1,42.325,0.));
#2036 = VECTOR('',#2037,1.);
#2037 = DIRECTION('',(0.,0.,1.));
#2038 = ORIENTED_EDGE('',*,*,#2039,.F.);
#2039 = EDGE_CURVE('',#2001,#2032,#2040,.T.);
#2040 = LINE('',#2041,#2042);
#2041 = CARTESIAN_POINT('',(0.65,42.875,0.));
#2042 = VECTOR('',#2043,1.);
#2043 = DIRECTION('',(-0.707106781187,-0.707106781187,0.));
#2044 = PLANE('',#2045);
#2045 = AXIS2_PLACEMENT_3D('',#2046,#2047,#2048);
#2046 = CARTESIAN_POINT('',(0.65,42.875,0.));
#2047 = DIRECTION('',(0.707106781187,-0.707106781187,0.));
#2048 = DIRECTION('',(-0.707106781187,-0.707106781187,0.));
#2049 = ADVANCED_FACE('',(#2050),#2075,.F.);
#2050 = FACE_BOUND('',#2051,.F.);
#2051 = EDGE_LOOP('',(#2052,#2053,#2061,#2069));
#2052 = ORIENTED_EDGE('',*,*,#2031,.T.);
#2053 = ORIENTED_EDGE('',*,*,#2054,.T.);
#2054 = EDGE_CURVE('',#2024,#2055,#2057,.T.);
#2055 = VERTEX_POINT('',#2056);
#2056 = CARTESIAN_POINT('',(0.1,32.325,1.08680504));
#2057 = LINE('',#2058,#2059);
#2058 = CARTESIAN_POINT('',(0.1,42.325,1.08680504));
#2059 = VECTOR('',#2060,1.);
#2060 = DIRECTION('',(0.,-1.,0.));
#2061 = ORIENTED_EDGE('',*,*,#2062,.F.);
#2062 = EDGE_CURVE('',#2063,#2055,#2065,.T.);
#2063 = VERTEX_POINT('',#2064);
#2064 = CARTESIAN_POINT('',(0.1,32.325,0.));
#2065 = LINE('',#2066,#2067);
#2066 = CARTESIAN_POINT('',(0.1,32.325,0.));
#2067 = VECTOR('',#2068,1.);
#2068 = DIRECTION('',(0.,0.,1.));
#2069 = ORIENTED_EDGE('',*,*,#2070,.F.);
#2070 = EDGE_CURVE('',#2032,#2063,#2071,.T.);
#2071 = LINE('',#2072,#2073);
#2072 = CARTESIAN_POINT('',(0.1,42.325,0.));
#2073 = VECTOR('',#2074,1.);
#2074 = DIRECTION('',(0.,-1.,0.));
#2075 = PLANE('',#2076);
#2076 = AXIS2_PLACEMENT_3D('',#2077,#2078,#2079);
#2077 = CARTESIAN_POINT('',(0.1,42.325,0.));
#2078 = DIRECTION('',(1.,0.,-0.));
#2079 = DIRECTION('',(0.,-1.,0.));
#2080 = ADVANCED_FACE('',(#2081),#2106,.F.);
#2081 = FACE_BOUND('',#2082,.F.);
#2082 = EDGE_LOOP('',(#2083,#2084,#2092,#2100));
#2083 = ORIENTED_EDGE('',*,*,#2062,.T.);
#2084 = ORIENTED_EDGE('',*,*,#2085,.T.);
#2085 = EDGE_CURVE('',#2055,#2086,#2088,.T.);
#2086 = VERTEX_POINT('',#2087);
#2087 = CARTESIAN_POINT('',(0.65,31.775,1.08680504));
#2088 = LINE('',#2089,#2090);
#2089 = CARTESIAN_POINT('',(0.1,32.325,1.08680504));
#2090 = VECTOR('',#2091,1.);
#2091 = DIRECTION('',(0.707106781187,-0.707106781187,0.));
#2092 = ORIENTED_EDGE('',*,*,#2093,.F.);
#2093 = EDGE_CURVE('',#2094,#2086,#2096,.T.);
#2094 = VERTEX_POINT('',#2095);
#2095 = CARTESIAN_POINT('',(0.65,31.775,0.));
#2096 = LINE('',#2097,#2098);
#2097 = CARTESIAN_POINT('',(0.65,31.775,0.));
#2098 = VECTOR('',#2099,1.);
#2099 = DIRECTION('',(0.,0.,1.));
#2100 = ORIENTED_EDGE('',*,*,#2101,.F.);
#2101 = EDGE_CURVE('',#2063,#2094,#2102,.T.);
#2102 = LINE('',#2103,#2104);
#2103 = CARTESIAN_POINT('',(0.1,32.325,0.));
#2104 = VECTOR('',#2105,1.);
#2105 = DIRECTION('',(0.707106781187,-0.707106781187,0.));
#2106 = PLANE('',#2107);
#2107 = AXIS2_PLACEMENT_3D('',#2108,#2109,#2110);
#2108 = CARTESIAN_POINT('',(0.1,32.325,0.));
#2109 = DIRECTION('',(0.707106781187,0.707106781187,-0.));
#2110 = DIRECTION('',(0.707106781187,-0.707106781187,0.));
#2111 = ADVANCED_FACE('',(#2112),#2137,.F.);
#2112 = FACE_BOUND('',#2113,.F.);
#2113 = EDGE_LOOP('',(#2114,#2115,#2123,#2131));
#2114 = ORIENTED_EDGE('',*,*,#2093,.T.);
#2115 = ORIENTED_EDGE('',*,*,#2116,.T.);
#2116 = EDGE_CURVE('',#2086,#2117,#2119,.T.);
#2117 = VERTEX_POINT('',#2118);
#2118 = CARTESIAN_POINT('',(7.55,31.775,1.08680504));
#2119 = LINE('',#2120,#2121);
#2120 = CARTESIAN_POINT('',(0.65,31.775,1.08680504));
#2121 = VECTOR('',#2122,1.);
#2122 = DIRECTION('',(1.,0.,0.));
#2123 = ORIENTED_EDGE('',*,*,#2124,.F.);
#2124 = EDGE_CURVE('',#2125,#2117,#2127,.T.);
#2125 = VERTEX_POINT('',#2126);
#2126 = CARTESIAN_POINT('',(7.55,31.775,0.));
#2127 = LINE('',#2128,#2129);
#2128 = CARTESIAN_POINT('',(7.55,31.775,0.));
#2129 = VECTOR('',#2130,1.);
#2130 = DIRECTION('',(0.,0.,1.));
#2131 = ORIENTED_EDGE('',*,*,#2132,.F.);
#2132 = EDGE_CURVE('',#2094,#2125,#2133,.T.);
#2133 = LINE('',#2134,#2135);
#2134 = CARTESIAN_POINT('',(0.65,31.775,0.));
#2135 = VECTOR('',#2136,1.);
#2136 = DIRECTION('',(1.,0.,0.));
#2137 = PLANE('',#2138);
#2138 = AXIS2_PLACEMENT_3D('',#2139,#2140,#2141);
#2139 = CARTESIAN_POINT('',(0.65,31.775,0.));
#2140 = DIRECTION('',(0.,1.,0.));
#2141 = DIRECTION('',(1.,0.,0.));
#2142 = ADVANCED_FACE('',(#2143),#2170,.F.);
#2143 = FACE_BOUND('',#2144,.F.);
#2144 = EDGE_LOOP('',(#2145,#2146,#2155,#2163));
#2145 = ORIENTED_EDGE('',*,*,#2124,.T.);
#2146 = ORIENTED_EDGE('',*,*,#2147,.T.);
#2147 = EDGE_CURVE('',#2117,#2148,#2150,.T.);
#2148 = VERTEX_POINT('',#2149);
#2149 = CARTESIAN_POINT('',(8.5,30.825,1.08680504));
#2150 = CIRCLE('',#2151,0.949152662824);
#2151 = AXIS2_PLACEMENT_3D('',#2152,#2153,#2154);
#2152 = CARTESIAN_POINT('',(7.550847715736,30.825847715736,1.08680504));
#2153 = DIRECTION('',(0.,0.,-1.));
#2154 = DIRECTION('',(-8.931289657032E-04,0.99999960116,0.));
#2155 = ORIENTED_EDGE('',*,*,#2156,.F.);
#2156 = EDGE_CURVE('',#2157,#2148,#2159,.T.);
#2157 = VERTEX_POINT('',#2158);
#2158 = CARTESIAN_POINT('',(8.5,30.825,0.));
#2159 = LINE('',#2160,#2161);
#2160 = CARTESIAN_POINT('',(8.5,30.825,0.));
#2161 = VECTOR('',#2162,1.);
#2162 = DIRECTION('',(0.,0.,1.));
#2163 = ORIENTED_EDGE('',*,*,#2164,.F.);
#2164 = EDGE_CURVE('',#2125,#2157,#2165,.T.);
#2165 = CIRCLE('',#2166,0.949152662824);
#2166 = AXIS2_PLACEMENT_3D('',#2167,#2168,#2169);
#2167 = CARTESIAN_POINT('',(7.550847715736,30.825847715736,0.));
#2168 = DIRECTION('',(0.,0.,-1.));
#2169 = DIRECTION('',(-8.931289657032E-04,0.99999960116,0.));
#2170 = CYLINDRICAL_SURFACE('',#2171,0.949152662824);
#2171 = AXIS2_PLACEMENT_3D('',#2172,#2173,#2174);
#2172 = CARTESIAN_POINT('',(7.550847715736,30.825847715736,0.));
#2173 = DIRECTION('',(0.,0.,-1.));
#2174 = DIRECTION('',(-8.931289657032E-04,0.99999960116,0.));
#2175 = ADVANCED_FACE('',(#2176),#2201,.F.);
#2176 = FACE_BOUND('',#2177,.F.);
#2177 = EDGE_LOOP('',(#2178,#2179,#2187,#2195));
#2178 = ORIENTED_EDGE('',*,*,#2156,.T.);
#2179 = ORIENTED_EDGE('',*,*,#2180,.T.);
#2180 = EDGE_CURVE('',#2148,#2181,#2183,.T.);
#2181 = VERTEX_POINT('',#2182);
#2182 = CARTESIAN_POINT('',(8.5,23.825,1.08680504));
#2183 = LINE('',#2184,#2185);
#2184 = CARTESIAN_POINT('',(8.5,30.825,1.08680504));
#2185 = VECTOR('',#2186,1.);
#2186 = DIRECTION('',(0.,-1.,0.));
#2187 = ORIENTED_EDGE('',*,*,#2188,.F.);
#2188 = EDGE_CURVE('',#2189,#2181,#2191,.T.);
#2189 = VERTEX_POINT('',#2190);
#2190 = CARTESIAN_POINT('',(8.5,23.825,0.));
#2191 = LINE('',#2192,#2193);
#2192 = CARTESIAN_POINT('',(8.5,23.825,0.));
#2193 = VECTOR('',#2194,1.);
#2194 = DIRECTION('',(0.,0.,1.));
#2195 = ORIENTED_EDGE('',*,*,#2196,.F.);
#2196 = EDGE_CURVE('',#2157,#2189,#2197,.T.);
#2197 = LINE('',#2198,#2199);
#2198 = CARTESIAN_POINT('',(8.5,30.825,0.));
#2199 = VECTOR('',#2200,1.);
#2200 = DIRECTION('',(0.,-1.,0.));
#2201 = PLANE('',#2202);
#2202 = AXIS2_PLACEMENT_3D('',#2203,#2204,#2205);
#2203 = CARTESIAN_POINT('',(8.5,30.825,0.));
#2204 = DIRECTION('',(1.,0.,-0.));
#2205 = DIRECTION('',(0.,-1.,0.));
#2206 = ADVANCED_FACE('',(#2207),#2234,.F.);
#2207 = FACE_BOUND('',#2208,.F.);
#2208 = EDGE_LOOP('',(#2209,#2210,#2219,#2227));
#2209 = ORIENTED_EDGE('',*,*,#2188,.T.);
#2210 = ORIENTED_EDGE('',*,*,#2211,.T.);
#2211 = EDGE_CURVE('',#2181,#2212,#2214,.T.);
#2212 = VERTEX_POINT('',#2213);
#2213 = CARTESIAN_POINT('',(7.55,22.875,1.08680504));
#2214 = CIRCLE('',#2215,0.949152662824);
#2215 = AXIS2_PLACEMENT_3D('',#2216,#2217,#2218);
#2216 = CARTESIAN_POINT('',(7.550847715736,23.824152284264,1.08680504));
#2217 = DIRECTION('',(0.,0.,-1.));
#2218 = DIRECTION('',(0.99999960116,8.931289657042E-04,0.));
#2219 = ORIENTED_EDGE('',*,*,#2220,.F.);
#2220 = EDGE_CURVE('',#2221,#2212,#2223,.T.);
#2221 = VERTEX_POINT('',#2222);
#2222 = CARTESIAN_POINT('',(7.55,22.875,0.));
#2223 = LINE('',#2224,#2225);
#2224 = CARTESIAN_POINT('',(7.55,22.875,0.));
#2225 = VECTOR('',#2226,1.);
#2226 = DIRECTION('',(0.,0.,1.));
#2227 = ORIENTED_EDGE('',*,*,#2228,.F.);
#2228 = EDGE_CURVE('',#2189,#2221,#2229,.T.);
#2229 = CIRCLE('',#2230,0.949152662824);
#2230 = AXIS2_PLACEMENT_3D('',#2231,#2232,#2233);
#2231 = CARTESIAN_POINT('',(7.550847715736,23.824152284264,0.));
#2232 = DIRECTION('',(0.,0.,-1.));
#2233 = DIRECTION('',(0.99999960116,8.931289657042E-04,0.));
#2234 = CYLINDRICAL_SURFACE('',#2235,0.949152662824);
#2235 = AXIS2_PLACEMENT_3D('',#2236,#2237,#2238);
#2236 = CARTESIAN_POINT('',(7.550847715736,23.824152284264,0.));
#2237 = DIRECTION('',(0.,0.,-1.));
#2238 = DIRECTION('',(0.99999960116,8.931289657042E-04,0.));
#2239 = ADVANCED_FACE('',(#2240),#2265,.F.);
#2240 = FACE_BOUND('',#2241,.F.);
#2241 = EDGE_LOOP('',(#2242,#2243,#2251,#2259));
#2242 = ORIENTED_EDGE('',*,*,#2220,.T.);
#2243 = ORIENTED_EDGE('',*,*,#2244,.T.);
#2244 = EDGE_CURVE('',#2212,#2245,#2247,.T.);
#2245 = VERTEX_POINT('',#2246);
#2246 = CARTESIAN_POINT('',(1.1,22.875,1.08680504));
#2247 = LINE('',#2248,#2249);
#2248 = CARTESIAN_POINT('',(7.55,22.875,1.08680504));
#2249 = VECTOR('',#2250,1.);
#2250 = DIRECTION('',(-1.,0.,0.));
#2251 = ORIENTED_EDGE('',*,*,#2252,.F.);
#2252 = EDGE_CURVE('',#2253,#2245,#2255,.T.);
#2253 = VERTEX_POINT('',#2254);
#2254 = CARTESIAN_POINT('',(1.1,22.875,0.));
#2255 = LINE('',#2256,#2257);
#2256 = CARTESIAN_POINT('',(1.1,22.875,0.));
#2257 = VECTOR('',#2258,1.);
#2258 = DIRECTION('',(0.,0.,1.));
#2259 = ORIENTED_EDGE('',*,*,#2260,.F.);
#2260 = EDGE_CURVE('',#2221,#2253,#2261,.T.);
#2261 = LINE('',#2262,#2263);
#2262 = CARTESIAN_POINT('',(7.55,22.875,0.));
#2263 = VECTOR('',#2264,1.);
#2264 = DIRECTION('',(-1.,0.,0.));
#2265 = PLANE('',#2266);
#2266 = AXIS2_PLACEMENT_3D('',#2267,#2268,#2269);
#2267 = CARTESIAN_POINT('',(7.55,22.875,0.));
#2268 = DIRECTION('',(0.,-1.,0.));
#2269 = DIRECTION('',(-1.,0.,0.));
#2270 = ADVANCED_FACE('',(#2271),#2298,.T.);
#2271 = FACE_BOUND('',#2272,.F.);
#2272 = EDGE_LOOP('',(#2273,#2274,#2283,#2291));
#2273 = ORIENTED_EDGE('',*,*,#2252,.T.);
#2274 = ORIENTED_EDGE('',*,*,#2275,.T.);
#2275 = EDGE_CURVE('',#2245,#2276,#2278,.T.);
#2276 = VERTEX_POINT('',#2277);
#2277 = CARTESIAN_POINT('',(5.551115123126E-16,21.775,1.08680504));
#2278 = CIRCLE('',#2279,1.099377369395);
#2279 = AXIS2_PLACEMENT_3D('',#2280,#2281,#2282);
#2280 = CARTESIAN_POINT('',(1.099377192982,21.775622807018,1.08680504));
#2281 = DIRECTION('',(0.,0.,1.));
#2282 = DIRECTION('',(5.665088575447E-04,0.999999839534,-0.));
#2283 = ORIENTED_EDGE('',*,*,#2284,.F.);
#2284 = EDGE_CURVE('',#2285,#2276,#2287,.T.);
#2285 = VERTEX_POINT('',#2286);
#2286 = CARTESIAN_POINT('',(5.551115123126E-16,21.775,0.));
#2287 = LINE('',#2288,#2289);
#2288 = CARTESIAN_POINT('',(5.551115123126E-16,21.775,0.));
#2289 = VECTOR('',#2290,1.);
#2290 = DIRECTION('',(0.,0.,1.));
#2291 = ORIENTED_EDGE('',*,*,#2292,.F.);
#2292 = EDGE_CURVE('',#2253,#2285,#2293,.T.);
#2293 = CIRCLE('',#2294,1.099377369395);
#2294 = AXIS2_PLACEMENT_3D('',#2295,#2296,#2297);
#2295 = CARTESIAN_POINT('',(1.099377192982,21.775622807018,0.));
#2296 = DIRECTION('',(0.,0.,1.));
#2297 = DIRECTION('',(5.665088575447E-04,0.999999839534,-0.));
#2298 = CYLINDRICAL_SURFACE('',#2299,1.099377369395);
#2299 = AXIS2_PLACEMENT_3D('',#2300,#2301,#2302);
#2300 = CARTESIAN_POINT('',(1.099377192982,21.775622807018,0.));
#2301 = DIRECTION('',(-0.,-0.,-1.));
#2302 = DIRECTION('',(5.665088575447E-04,0.999999839534,-0.));
#2303 = ADVANCED_FACE('',(#2304),#2320,.F.);
#2304 = FACE_BOUND('',#2305,.F.);
#2305 = EDGE_LOOP('',(#2306,#2307,#2313,#2314));
#2306 = ORIENTED_EDGE('',*,*,#2284,.T.);
#2307 = ORIENTED_EDGE('',*,*,#2308,.T.);
#2308 = EDGE_CURVE('',#2276,#52,#2309,.T.);
#2309 = LINE('',#2310,#2311);
#2310 = CARTESIAN_POINT('',(0.,21.775,1.08680504));
#2311 = VECTOR('',#2312,1.);
#2312 = DIRECTION('',(0.,-1.,0.));
#2313 = ORIENTED_EDGE('',*,*,#49,.F.);
#2314 = ORIENTED_EDGE('',*,*,#2315,.F.);
#2315 = EDGE_CURVE('',#2285,#50,#2316,.T.);
#2316 = LINE('',#2317,#2318);
#2317 = CARTESIAN_POINT('',(0.,21.775,0.));
#2318 = VECTOR('',#2319,1.);
#2319 = DIRECTION('',(0.,-1.,0.));
#2320 = PLANE('',#2321);
#2321 = AXIS2_PLACEMENT_3D('',#2322,#2323,#2324);
#2322 = CARTESIAN_POINT('',(0.,21.775,0.));
#2323 = DIRECTION('',(1.,0.,-0.));
#2324 = DIRECTION('',(0.,-1.,0.));
#2325 = ADVANCED_FACE('',(#2326),#2353,.F.);
#2326 = FACE_BOUND('',#2327,.T.);
#2327 = EDGE_LOOP('',(#2328,#2338,#2345,#2346));
#2328 = ORIENTED_EDGE('',*,*,#2329,.T.);
#2329 = EDGE_CURVE('',#2330,#2332,#2334,.T.);
#2330 = VERTEX_POINT('',#2331);
#2331 = CARTESIAN_POINT('',(9.749,17.002,0.));
#2332 = VERTEX_POINT('',#2333);
#2333 = CARTESIAN_POINT('',(9.749,17.002,1.08680504));
#2334 = LINE('',#2335,#2336);
#2335 = CARTESIAN_POINT('',(9.749,17.002,0.));
#2336 = VECTOR('',#2337,1.);
#2337 = DIRECTION('',(0.,0.,1.));
#2338 = ORIENTED_EDGE('',*,*,#2339,.T.);
#2339 = EDGE_CURVE('',#2332,#2332,#2340,.T.);
#2340 = CIRCLE('',#2341,1.65);
#2341 = AXIS2_PLACEMENT_3D('',#2342,#2343,#2344);
#2342 = CARTESIAN_POINT('',(8.099,17.002,1.08680504));
#2343 = DIRECTION('',(0.,0.,1.));
#2344 = DIRECTION('',(1.,0.,-0.));
#2345 = ORIENTED_EDGE('',*,*,#2329,.F.);
#2346 = ORIENTED_EDGE('',*,*,#2347,.F.);
#2347 = EDGE_CURVE('',#2330,#2330,#2348,.T.);
#2348 = CIRCLE('',#2349,1.65);
#2349 = AXIS2_PLACEMENT_3D('',#2350,#2351,#2352);
#2350 = CARTESIAN_POINT('',(8.099,17.002,0.));
#2351 = DIRECTION('',(0.,0.,1.));
#2352 = DIRECTION('',(1.,0.,-0.));
#2353 = CYLINDRICAL_SURFACE('',#2354,1.65);
#2354 = AXIS2_PLACEMENT_3D('',#2355,#2356,#2357);
#2355 = CARTESIAN_POINT('',(8.099,17.002,0.));
#2356 = DIRECTION('',(-0.,-0.,-1.));
#2357 = DIRECTION('',(1.,0.,-0.));
#2358 = ADVANCED_FACE('',(#2359),#2386,.F.);
#2359 = FACE_BOUND('',#2360,.T.);
#2360 = EDGE_LOOP('',(#2361,#2371,#2378,#2379));
#2361 = ORIENTED_EDGE('',*,*,#2362,.T.);
#2362 = EDGE_CURVE('',#2363,#2365,#2367,.T.);
#2363 = VERTEX_POINT('',#2364);
#2364 = CARTESIAN_POINT('',(9.749,67.002,0.));
#2365 = VERTEX_POINT('',#2366);
#2366 = CARTESIAN_POINT('',(9.749,67.002,1.08680504));
#2367 = LINE('',#2368,#2369);
#2368 = CARTESIAN_POINT('',(9.749,67.002,0.));
#2369 = VECTOR('',#2370,1.);
#2370 = DIRECTION('',(0.,0.,1.));
#2371 = ORIENTED_EDGE('',*,*,#2372,.T.);
#2372 = EDGE_CURVE('',#2365,#2365,#2373,.T.);
#2373 = CIRCLE('',#2374,1.65);
#2374 = AXIS2_PLACEMENT_3D('',#2375,#2376,#2377);
#2375 = CARTESIAN_POINT('',(8.099,67.002,1.08680504));
#2376 = DIRECTION('',(0.,0.,1.));
#2377 = DIRECTION('',(1.,0.,-0.));
#2378 = ORIENTED_EDGE('',*,*,#2362,.F.);
#2379 = ORIENTED_EDGE('',*,*,#2380,.F.);
#2380 = EDGE_CURVE('',#2363,#2363,#2381,.T.);
#2381 = CIRCLE('',#2382,1.65);
#2382 = AXIS2_PLACEMENT_3D('',#2383,#2384,#2385);
#2383 = CARTESIAN_POINT('',(8.099,67.002,0.));
#2384 = DIRECTION('',(0.,0.,1.));
#2385 = DIRECTION('',(1.,0.,-0.));
#2386 = CYLINDRICAL_SURFACE('',#2387,1.65);
#2387 = AXIS2_PLACEMENT_3D('',#2388,#2389,#2390);
#2388 = CARTESIAN_POINT('',(8.099,67.002,0.));
#2389 = DIRECTION('',(-0.,-0.,-1.));
#2390 = DIRECTION('',(1.,0.,-0.));
#2391 = ADVANCED_FACE('',(#2392),#2419,.F.);
#2392 = FACE_BOUND('',#2393,.T.);
#2393 = EDGE_LOOP('',(#2394,#2404,#2411,#2412));
#2394 = ORIENTED_EDGE('',*,*,#2395,.T.);
#2395 = EDGE_CURVE('',#2396,#2398,#2400,.T.);
#2396 = VERTEX_POINT('',#2397);
#2397 = CARTESIAN_POINT('',(12.669,36.772,0.));
#2398 = VERTEX_POINT('',#2399);
#2399 = CARTESIAN_POINT('',(12.669,36.772,1.08680504));
#2400 = LINE('',#2401,#2402);
#2401 = CARTESIAN_POINT('',(12.669,36.772,0.));
#2402 = VECTOR('',#2403,1.);
#2403 = DIRECTION('',(0.,0.,1.));
#2404 = ORIENTED_EDGE('',*,*,#2405,.T.);
#2405 = EDGE_CURVE('',#2398,#2398,#2406,.T.);
#2406 = CIRCLE('',#2407,1.4);
#2407 = AXIS2_PLACEMENT_3D('',#2408,#2409,#2410);
#2408 = CARTESIAN_POINT('',(11.269,36.772,1.08680504));
#2409 = DIRECTION('',(0.,0.,1.));
#2410 = DIRECTION('',(1.,0.,-0.));
#2411 = ORIENTED_EDGE('',*,*,#2395,.F.);
#2412 = ORIENTED_EDGE('',*,*,#2413,.F.);
#2413 = EDGE_CURVE('',#2396,#2396,#2414,.T.);
#2414 = CIRCLE('',#2415,1.4);
#2415 = AXIS2_PLACEMENT_3D('',#2416,#2417,#2418);
#2416 = CARTESIAN_POINT('',(11.269,36.772,0.));
#2417 = DIRECTION('',(0.,0.,1.));
#2418 = DIRECTION('',(1.,0.,-0.));
#2419 = CYLINDRICAL_SURFACE('',#2420,1.4);
#2420 = AXIS2_PLACEMENT_3D('',#2421,#2422,#2423);
#2421 = CARTESIAN_POINT('',(11.269,36.772,0.));
#2422 = DIRECTION('',(-0.,-0.,-1.));
#2423 = DIRECTION('',(1.,0.,-0.));
#2424 = ADVANCED_FACE('',(#2425),#2452,.F.);
#2425 = FACE_BOUND('',#2426,.T.);
#2426 = EDGE_LOOP('',(#2427,#2437,#2444,#2445));
#2427 = ORIENTED_EDGE('',*,*,#2428,.T.);
#2428 = EDGE_CURVE('',#2429,#2431,#2433,.T.);
#2429 = VERTEX_POINT('',#2430);
#2430 = CARTESIAN_POINT('',(119.754,17.002,0.));
#2431 = VERTEX_POINT('',#2432);
#2432 = CARTESIAN_POINT('',(119.754,17.002,1.08680504));
#2433 = LINE('',#2434,#2435);
#2434 = CARTESIAN_POINT('',(119.754,17.002,0.));
#2435 = VECTOR('',#2436,1.);
#2436 = DIRECTION('',(0.,0.,1.));
#2437 = ORIENTED_EDGE('',*,*,#2438,.T.);
#2438 = EDGE_CURVE('',#2431,#2431,#2439,.T.);
#2439 = CIRCLE('',#2440,1.65);
#2440 = AXIS2_PLACEMENT_3D('',#2441,#2442,#2443);
#2441 = CARTESIAN_POINT('',(118.104,17.002,1.08680504));
#2442 = DIRECTION('',(0.,0.,1.));
#2443 = DIRECTION('',(1.,0.,-0.));
#2444 = ORIENTED_EDGE('',*,*,#2428,.F.);
#2445 = ORIENTED_EDGE('',*,*,#2446,.F.);
#2446 = EDGE_CURVE('',#2429,#2429,#2447,.T.);
#2447 = CIRCLE('',#2448,1.65);
#2448 = AXIS2_PLACEMENT_3D('',#2449,#2450,#2451);
#2449 = CARTESIAN_POINT('',(118.104,17.002,0.));
#2450 = DIRECTION('',(0.,0.,1.));
#2451 = DIRECTION('',(1.,0.,-0.));
#2452 = CYLINDRICAL_SURFACE('',#2453,1.65);
#2453 = AXIS2_PLACEMENT_3D('',#2454,#2455,#2456);
#2454 = CARTESIAN_POINT('',(118.104,17.002,0.));
#2455 = DIRECTION('',(-0.,-0.,-1.));
#2456 = DIRECTION('',(1.,0.,-0.));
#2457 = ADVANCED_FACE('',(#2458),#2485,.F.);
#2458 = FACE_BOUND('',#2459,.T.);
#2459 = EDGE_LOOP('',(#2460,#2470,#2477,#2478));
#2460 = ORIENTED_EDGE('',*,*,#2461,.T.);
#2461 = EDGE_CURVE('',#2462,#2464,#2466,.T.);
#2462 = VERTEX_POINT('',#2463);
#2463 = CARTESIAN_POINT('',(113.854,36.772,0.));
#2464 = VERTEX_POINT('',#2465);
#2465 = CARTESIAN_POINT('',(113.854,36.772,1.08680504));
#2466 = LINE('',#2467,#2468);
#2467 = CARTESIAN_POINT('',(113.854,36.772,0.));
#2468 = VECTOR('',#2469,1.);
#2469 = DIRECTION('',(0.,0.,1.));
#2470 = ORIENTED_EDGE('',*,*,#2471,.T.);
#2471 = EDGE_CURVE('',#2464,#2464,#2472,.T.);
#2472 = CIRCLE('',#2473,1.4);
#2473 = AXIS2_PLACEMENT_3D('',#2474,#2475,#2476);
#2474 = CARTESIAN_POINT('',(112.454,36.772,1.08680504));
#2475 = DIRECTION('',(0.,0.,1.));
#2476 = DIRECTION('',(1.,0.,-0.));
#2477 = ORIENTED_EDGE('',*,*,#2461,.F.);
#2478 = ORIENTED_EDGE('',*,*,#2479,.F.);
#2479 = EDGE_CURVE('',#2462,#2462,#2480,.T.);
#2480 = CIRCLE('',#2481,1.4);
#2481 = AXIS2_PLACEMENT_3D('',#2482,#2483,#2484);
#2482 = CARTESIAN_POINT('',(112.454,36.772,0.));
#2483 = DIRECTION('',(0.,0.,1.));
#2484 = DIRECTION('',(1.,0.,-0.));
#2485 = CYLINDRICAL_SURFACE('',#2486,1.4);
#2486 = AXIS2_PLACEMENT_3D('',#2487,#2488,#2489);
#2487 = CARTESIAN_POINT('',(112.454,36.772,0.));
#2488 = DIRECTION('',(-0.,-0.,-1.));
#2489 = DIRECTION('',(1.,0.,-0.));
#2490 = ADVANCED_FACE('',(#2491),#2518,.F.);
#2491 = FACE_BOUND('',#2492,.T.);
#2492 = EDGE_LOOP('',(#2493,#2503,#2510,#2511));
#2493 = ORIENTED_EDGE('',*,*,#2494,.T.);
#2494 = EDGE_CURVE('',#2495,#2497,#2499,.T.);
#2495 = VERTEX_POINT('',#2496);
#2496 = CARTESIAN_POINT('',(119.754,67.002,0.));
#2497 = VERTEX_POINT('',#2498);
#2498 = CARTESIAN_POINT('',(119.754,67.002,1.08680504));
#2499 = LINE('',#2500,#2501);
#2500 = CARTESIAN_POINT('',(119.754,67.002,0.));
#2501 = VECTOR('',#2502,1.);
#2502 = DIRECTION('',(0.,0.,1.));
#2503 = ORIENTED_EDGE('',*,*,#2504,.T.);
#2504 = EDGE_CURVE('',#2497,#2497,#2505,.T.);
#2505 = CIRCLE('',#2506,1.65);
#2506 = AXIS2_PLACEMENT_3D('',#2507,#2508,#2509);
#2507 = CARTESIAN_POINT('',(118.104,67.002,1.08680504));
#2508 = DIRECTION('',(0.,0.,1.));
#2509 = DIRECTION('',(1.,0.,-0.));
#2510 = ORIENTED_EDGE('',*,*,#2494,.F.);
#2511 = ORIENTED_EDGE('',*,*,#2512,.F.);
#2512 = EDGE_CURVE('',#2495,#2495,#2513,.T.);
#2513 = CIRCLE('',#2514,1.65);
#2514 = AXIS2_PLACEMENT_3D('',#2515,#2516,#2517);
#2515 = CARTESIAN_POINT('',(118.104,67.002,0.));
#2516 = DIRECTION('',(0.,0.,1.));
#2517 = DIRECTION('',(1.,0.,-0.));
#2518 = CYLINDRICAL_SURFACE('',#2519,1.65);
#2519 = AXIS2_PLACEMENT_3D('',#2520,#2521,#2522);
#2520 = CARTESIAN_POINT('',(118.104,67.002,0.));
#2521 = DIRECTION('',(-0.,-0.,-1.));
#2522 = DIRECTION('',(1.,0.,-0.));
#2523 = ADVANCED_FACE('',(#2524,#2598,#2601,#2604,#2607,#2610,#2613),
  #2616,.F.);
#2524 = FACE_BOUND('',#2525,.F.);
#2525 = EDGE_LOOP('',(#2526,#2527,#2528,#2529,#2530,#2531,#2532,#2533,
    #2534,#2535,#2536,#2537,#2538,#2539,#2540,#2541,#2542,#2543,#2544,
    #2545,#2546,#2547,#2548,#2549,#2550,#2551,#2552,#2553,#2554,#2555,
    #2556,#2557,#2558,#2559,#2560,#2561,#2562,#2563,#2564,#2565,#2566,
    #2567,#2568,#2569,#2570,#2571,#2572,#2573,#2574,#2575,#2576,#2577,
    #2578,#2579,#2580,#2581,#2582,#2583,#2584,#2585,#2586,#2587,#2588,
    #2589,#2590,#2591,#2592,#2593,#2594,#2595,#2596,#2597));
#2526 = ORIENTED_EDGE('',*,*,#76,.T.);
#2527 = ORIENTED_EDGE('',*,*,#108,.T.);
#2528 = ORIENTED_EDGE('',*,*,#140,.T.);
#2529 = ORIENTED_EDGE('',*,*,#172,.T.);
#2530 = ORIENTED_EDGE('',*,*,#204,.T.);
#2531 = ORIENTED_EDGE('',*,*,#236,.T.);
#2532 = ORIENTED_EDGE('',*,*,#268,.T.);
#2533 = ORIENTED_EDGE('',*,*,#300,.T.);
#2534 = ORIENTED_EDGE('',*,*,#332,.T.);
#2535 = ORIENTED_EDGE('',*,*,#364,.T.);
#2536 = ORIENTED_EDGE('',*,*,#395,.T.);
#2537 = ORIENTED_EDGE('',*,*,#426,.T.);
#2538 = ORIENTED_EDGE('',*,*,#457,.T.);
#2539 = ORIENTED_EDGE('',*,*,#488,.T.);
#2540 = ORIENTED_EDGE('',*,*,#520,.T.);
#2541 = ORIENTED_EDGE('',*,*,#552,.T.);
#2542 = ORIENTED_EDGE('',*,*,#583,.T.);
#2543 = ORIENTED_EDGE('',*,*,#614,.T.);
#2544 = ORIENTED_EDGE('',*,*,#645,.T.);
#2545 = ORIENTED_EDGE('',*,*,#676,.T.);
#2546 = ORIENTED_EDGE('',*,*,#708,.T.);
#2547 = ORIENTED_EDGE('',*,*,#740,.T.);
#2548 = ORIENTED_EDGE('',*,*,#772,.T.);
#2549 = ORIENTED_EDGE('',*,*,#804,.T.);
#2550 = ORIENTED_EDGE('',*,*,#836,.T.);
#2551 = ORIENTED_EDGE('',*,*,#868,.T.);
#2552 = ORIENTED_EDGE('',*,*,#900,.T.);
#2553 = ORIENTED_EDGE('',*,*,#932,.T.);
#2554 = ORIENTED_EDGE('',*,*,#964,.T.);
#2555 = ORIENTED_EDGE('',*,*,#996,.T.);
#2556 = ORIENTED_EDGE('',*,*,#1027,.T.);
#2557 = ORIENTED_EDGE('',*,*,#1058,.T.);
#2558 = ORIENTED_EDGE('',*,*,#1090,.T.);
#2559 = ORIENTED_EDGE('',*,*,#1122,.T.);
#2560 = ORIENTED_EDGE('',*,*,#1153,.T.);
#2561 = ORIENTED_EDGE('',*,*,#1184,.T.);
#2562 = ORIENTED_EDGE('',*,*,#1216,.T.);
#2563 = ORIENTED_EDGE('',*,*,#1248,.T.);
#2564 = ORIENTED_EDGE('',*,*,#1280,.T.);
#2565 = ORIENTED_EDGE('',*,*,#1312,.T.);
#2566 = ORIENTED_EDGE('',*,*,#1343,.T.);
#2567 = ORIENTED_EDGE('',*,*,#1374,.T.);
#2568 = ORIENTED_EDGE('',*,*,#1406,.T.);
#2569 = ORIENTED_EDGE('',*,*,#1438,.T.);
#2570 = ORIENTED_EDGE('',*,*,#1469,.T.);
#2571 = ORIENTED_EDGE('',*,*,#1500,.T.);
#2572 = ORIENTED_EDGE('',*,*,#1532,.T.);
#2573 = ORIENTED_EDGE('',*,*,#1564,.T.);
#2574 = ORIENTED_EDGE('',*,*,#1596,.T.);
#2575 = ORIENTED_EDGE('',*,*,#1628,.T.);
#2576 = ORIENTED_EDGE('',*,*,#1660,.T.);
#2577 = ORIENTED_EDGE('',*,*,#1692,.T.);
#2578 = ORIENTED_EDGE('',*,*,#1724,.T.);
#2579 = ORIENTED_EDGE('',*,*,#1756,.T.);
#2580 = ORIENTED_EDGE('',*,*,#1788,.T.);
#2581 = ORIENTED_EDGE('',*,*,#1820,.T.);
#2582 = ORIENTED_EDGE('',*,*,#1851,.T.);
#2583 = ORIENTED_EDGE('',*,*,#1882,.T.);
#2584 = ORIENTED_EDGE('',*,*,#1913,.T.);
#2585 = ORIENTED_EDGE('',*,*,#1944,.T.);
#2586 = ORIENTED_EDGE('',*,*,#1976,.T.);
#2587 = ORIENTED_EDGE('',*,*,#2008,.T.);
#2588 = ORIENTED_EDGE('',*,*,#2039,.T.);
#2589 = ORIENTED_EDGE('',*,*,#2070,.T.);
#2590 = ORIENTED_EDGE('',*,*,#2101,.T.);
#2591 = ORIENTED_EDGE('',*,*,#2132,.T.);
#2592 = ORIENTED_EDGE('',*,*,#2164,.T.);
#2593 = ORIENTED_EDGE('',*,*,#2196,.T.);
#2594 = ORIENTED_EDGE('',*,*,#2228,.T.);
#2595 = ORIENTED_EDGE('',*,*,#2260,.T.);
#2596 = ORIENTED_EDGE('',*,*,#2292,.T.);
#2597 = ORIENTED_EDGE('',*,*,#2315,.T.);
#2598 = FACE_BOUND('',#2599,.F.);
#2599 = EDGE_LOOP('',(#2600));
#2600 = ORIENTED_EDGE('',*,*,#2347,.F.);
#2601 = FACE_BOUND('',#2602,.F.);
#2602 = EDGE_LOOP('',(#2603));
#2603 = ORIENTED_EDGE('',*,*,#2380,.F.);
#2604 = FACE_BOUND('',#2605,.F.);
#2605 = EDGE_LOOP('',(#2606));
#2606 = ORIENTED_EDGE('',*,*,#2413,.F.);
#2607 = FACE_BOUND('',#2608,.F.);
#2608 = EDGE_LOOP('',(#2609));
#2609 = ORIENTED_EDGE('',*,*,#2446,.F.);
#2610 = FACE_BOUND('',#2611,.F.);
#2611 = EDGE_LOOP('',(#2612));
#2612 = ORIENTED_EDGE('',*,*,#2479,.F.);
#2613 = FACE_BOUND('',#2614,.F.);
#2614 = EDGE_LOOP('',(#2615));
#2615 = ORIENTED_EDGE('',*,*,#2512,.F.);
#2616 = PLANE('',#2617);
#2617 = AXIS2_PLACEMENT_3D('',#2618,#2619,#2620);
#2618 = CARTESIAN_POINT('',(61.723255401196,43.564164996829,0.));
#2619 = DIRECTION('',(0.,0.,1.));
#2620 = DIRECTION('',(1.,0.,-0.));
#2621 = ADVANCED_FACE('',(#2622,#2696,#2699,#2702,#2705,#2708,#2711),
  #2714,.T.);
#2622 = FACE_BOUND('',#2623,.T.);
#2623 = EDGE_LOOP('',(#2624,#2625,#2626,#2627,#2628,#2629,#2630,#2631,
    #2632,#2633,#2634,#2635,#2636,#2637,#2638,#2639,#2640,#2641,#2642,
    #2643,#2644,#2645,#2646,#2647,#2648,#2649,#2650,#2651,#2652,#2653,
    #2654,#2655,#2656,#2657,#2658,#2659,#2660,#2661,#2662,#2663,#2664,
    #2665,#2666,#2667,#2668,#2669,#2670,#2671,#2672,#2673,#2674,#2675,
    #2676,#2677,#2678,#2679,#2680,#2681,#2682,#2683,#2684,#2685,#2686,
    #2687,#2688,#2689,#2690,#2691,#2692,#2693,#2694,#2695));
#2624 = ORIENTED_EDGE('',*,*,#59,.T.);
#2625 = ORIENTED_EDGE('',*,*,#92,.T.);
#2626 = ORIENTED_EDGE('',*,*,#123,.T.);
#2627 = ORIENTED_EDGE('',*,*,#156,.T.);
#2628 = ORIENTED_EDGE('',*,*,#187,.T.);
#2629 = ORIENTED_EDGE('',*,*,#220,.T.);
#2630 = ORIENTED_EDGE('',*,*,#251,.T.);
#2631 = ORIENTED_EDGE('',*,*,#284,.T.);
#2632 = ORIENTED_EDGE('',*,*,#315,.T.);
#2633 = ORIENTED_EDGE('',*,*,#348,.T.);
#2634 = ORIENTED_EDGE('',*,*,#379,.T.);
#2635 = ORIENTED_EDGE('',*,*,#410,.T.);
#2636 = ORIENTED_EDGE('',*,*,#441,.T.);
#2637 = ORIENTED_EDGE('',*,*,#472,.T.);
#2638 = ORIENTED_EDGE('',*,*,#503,.T.);
#2639 = ORIENTED_EDGE('',*,*,#536,.T.);
#2640 = ORIENTED_EDGE('',*,*,#567,.T.);
#2641 = ORIENTED_EDGE('',*,*,#598,.T.);
#2642 = ORIENTED_EDGE('',*,*,#629,.T.);
#2643 = ORIENTED_EDGE('',*,*,#660,.T.);
#2644 = ORIENTED_EDGE('',*,*,#691,.T.);
#2645 = ORIENTED_EDGE('',*,*,#724,.T.);
#2646 = ORIENTED_EDGE('',*,*,#755,.T.);
#2647 = ORIENTED_EDGE('',*,*,#788,.T.);
#2648 = ORIENTED_EDGE('',*,*,#819,.T.);
#2649 = ORIENTED_EDGE('',*,*,#852,.T.);
#2650 = ORIENTED_EDGE('',*,*,#883,.T.);
#2651 = ORIENTED_EDGE('',*,*,#916,.T.);
#2652 = ORIENTED_EDGE('',*,*,#947,.T.);
#2653 = ORIENTED_EDGE('',*,*,#980,.T.);
#2654 = ORIENTED_EDGE('',*,*,#1011,.T.);
#2655 = ORIENTED_EDGE('',*,*,#1042,.T.);
#2656 = ORIENTED_EDGE('',*,*,#1073,.T.);
#2657 = ORIENTED_EDGE('',*,*,#1106,.T.);
#2658 = ORIENTED_EDGE('',*,*,#1137,.T.);
#2659 = ORIENTED_EDGE('',*,*,#1168,.T.);
#2660 = ORIENTED_EDGE('',*,*,#1199,.T.);
#2661 = ORIENTED_EDGE('',*,*,#1232,.T.);
#2662 = ORIENTED_EDGE('',*,*,#1263,.T.);
#2663 = ORIENTED_EDGE('',*,*,#1296,.T.);
#2664 = ORIENTED_EDGE('',*,*,#1327,.T.);
#2665 = ORIENTED_EDGE('',*,*,#1358,.T.);
#2666 = ORIENTED_EDGE('',*,*,#1389,.T.);
#2667 = ORIENTED_EDGE('',*,*,#1422,.T.);
#2668 = ORIENTED_EDGE('',*,*,#1453,.T.);
#2669 = ORIENTED_EDGE('',*,*,#1484,.T.);
#2670 = ORIENTED_EDGE('',*,*,#1515,.T.);
#2671 = ORIENTED_EDGE('',*,*,#1548,.T.);
#2672 = ORIENTED_EDGE('',*,*,#1579,.T.);
#2673 = ORIENTED_EDGE('',*,*,#1612,.T.);
#2674 = ORIENTED_EDGE('',*,*,#1643,.T.);
#2675 = ORIENTED_EDGE('',*,*,#1676,.T.);
#2676 = ORIENTED_EDGE('',*,*,#1707,.T.);
#2677 = ORIENTED_EDGE('',*,*,#1740,.T.);
#2678 = ORIENTED_EDGE('',*,*,#1771,.T.);
#2679 = ORIENTED_EDGE('',*,*,#1804,.T.);
#2680 = ORIENTED_EDGE('',*,*,#1835,.T.);
#2681 = ORIENTED_EDGE('',*,*,#1866,.T.);
#2682 = ORIENTED_EDGE('',*,*,#1897,.T.);
#2683 = ORIENTED_EDGE('',*,*,#1928,.T.);
#2684 = ORIENTED_EDGE('',*,*,#1959,.T.);
#2685 = ORIENTED_EDGE('',*,*,#1992,.T.);
#2686 = ORIENTED_EDGE('',*,*,#2023,.T.);
#2687 = ORIENTED_EDGE('',*,*,#2054,.T.);
#2688 = ORIENTED_EDGE('',*,*,#2085,.T.);
#2689 = ORIENTED_EDGE('',*,*,#2116,.T.);
#2690 = ORIENTED_EDGE('',*,*,#2147,.T.);
#2691 = ORIENTED_EDGE('',*,*,#2180,.T.);
#2692 = ORIENTED_EDGE('',*,*,#2211,.T.);
#2693 = ORIENTED_EDGE('',*,*,#2244,.T.);
#2694 = ORIENTED_EDGE('',*,*,#2275,.T.);
#2695 = ORIENTED_EDGE('',*,*,#2308,.T.);
#2696 = FACE_BOUND('',#2697,.T.);
#2697 = EDGE_LOOP('',(#2698));
#2698 = ORIENTED_EDGE('',*,*,#2339,.F.);
#2699 = FACE_BOUND('',#2700,.T.);
#2700 = EDGE_LOOP('',(#2701));
#2701 = ORIENTED_EDGE('',*,*,#2372,.F.);
#2702 = FACE_BOUND('',#2703,.T.);
#2703 = EDGE_LOOP('',(#2704));
#2704 = ORIENTED_EDGE('',*,*,#2405,.F.);
#2705 = FACE_BOUND('',#2706,.T.);
#2706 = EDGE_LOOP('',(#2707));
#2707 = ORIENTED_EDGE('',*,*,#2438,.F.);
#2708 = FACE_BOUND('',#2709,.T.);
#2709 = EDGE_LOOP('',(#2710));
#2710 = ORIENTED_EDGE('',*,*,#2471,.F.);
#2711 = FACE_BOUND('',#2712,.T.);
#2712 = EDGE_LOOP('',(#2713));
#2713 = ORIENTED_EDGE('',*,*,#2504,.F.);
#2714 = PLANE('',#2715);
#2715 = AXIS2_PLACEMENT_3D('',#2716,#2717,#2718);
#2716 = CARTESIAN_POINT('',(61.723255401196,43.564164996829,1.08680504)
  );
#2717 = DIRECTION('',(0.,0.,1.));
#2718 = DIRECTION('',(1.,0.,-0.));
#2719 = ( GEOMETRIC_REPRESENTATION_CONTEXT(3) 
GLOBAL_UNCERTAINTY_ASSIGNED_CONTEXT((#2723)) 
GLOBAL_UNIT_ASSIGNED_CONTEXT((#2720,#2721,#2722)) REPRESENTATION_CONTEXT
('Context #1','3D Context with UNIT and UNCERTAINTY') );
#2720 = ( LENGTH_UNIT() NAMED_UNIT(*) SI_UNIT(.MILLI.,.METRE.) );
#2721 = ( NAMED_UNIT(*) PLANE_ANGLE_UNIT() SI_UNIT($,.RADIAN.) );
#2722 = ( NAMED_UNIT(*) SI_UNIT($,.STERADIAN.) SOLID_ANGLE_UNIT() );
#2723 = UNCERTAINTY_MEASURE_WITH_UNIT(LENGTH_MEASURE(1.E-07),#2720,
  'distance_accuracy_value','confusion accuracy');
#2724 = SHAPE_DEFINITION_REPRESENTATION(#2725,#42);
#2725 = PRODUCT_DEFINITION_SHAPE('','',#2726);
#2726 = PRODUCT_DEFINITION('design','',#2727,#2730);
#2727 = PRODUCT_DEFINITION_FORMATION('','',#2728);
#2728 = PRODUCT('Open CASCADE STEP translator 7.5 1.1.1',
  'Open CASCADE STEP translator 7.5 1.1.1','',(#2729));
#2729 = PRODUCT_CONTEXT('',#2,'mechanical');
#2730 = PRODUCT_DEFINITION_CONTEXT('part definition',#2,'design');
#2731 = CONTEXT_DEPENDENT_SHAPE_REPRESENTATION(#2732,#2734);
#2732 = ( REPRESENTATION_RELATIONSHIP('','',#42,#32) 
REPRESENTATION_RELATIONSHIP_WITH_TRANSFORMATION(#2733) 
SHAPE_REPRESENTATION_RELATIONSHIP() );
#2733 = ITEM_DEFINED_TRANSFORMATION('','',#11,#33);
#2734 = PRODUCT_DEFINITION_SHAPE('Placement','Placement of an item',
  #2735);
#2735 = NEXT_ASSEMBLY_USAGE_OCCURRENCE('1','','',#27,#2726,$);
#2736 = PRODUCT_RELATED_PRODUCT_CATEGORY('part',$,(#2728));
#2737 = CONTEXT_DEPENDENT_SHAPE_REPRESENTATION(#2738,#2740);
#2738 = ( REPRESENTATION_RELATIONSHIP('','',#32,#10) 
REPRESENTATION_RELATIONSHIP_WITH_TRANSFORMATION(#2739) 
SHAPE_REPRESENTATION_RELATIONSHIP() );
#2739 = ITEM_DEFINED_TRANSFORMATION('','',#11,#15);
#2740 = PRODUCT_DEFINITION_SHAPE('Placement','Placement of an item',
  #2741);
#2741 = NEXT_ASSEMBLY_USAGE_OCCURRENCE('2','','',#5,#27,$);
#2742 = PRODUCT_RELATED_PRODUCT_CATEGORY('part',$,(#29));
#2743 = MECHANICAL_DESIGN_GEOMETRIC_PRESENTATION_REPRESENTATION('',(
    #2744),#2719);
#2744 = STYLED_ITEM('color',(#2745),#43);
#2745 = PRESENTATION_STYLE_ASSIGNMENT((#2746,#2752));
#2746 = SURFACE_STYLE_USAGE(.BOTH.,#2747);
#2747 = SURFACE_SIDE_STYLE('',(#2748));
#2748 = SURFACE_STYLE_FILL_AREA(#2749);
#2749 = FILL_AREA_STYLE('',(#2750));
#2750 = FILL_AREA_STYLE_COLOUR('',#2751);
#2751 = COLOUR_RGB('',0.,0.501960785193,0.);
#2752 = CURVE_STYLE('',#2753,POSITIVE_LENGTH_MEASURE(0.1),#2751);
#2753 = DRAUGHTING_PRE_DEFINED_CURVE_FONT('continuous');
ENDSEC;
END-ISO-10303-21;
